Date,Time,Day,Station,Code,Min Delay,Min Gap,Bound,Line,Vehicle
1/1/2014,0:21,Wednesday,VICTORIA PARK STATION,MUPR1,55,60,W,BD,5111
1/1/2014,2:06,Wednesday,HIGH PARK STATION,SUDP,3,7,W,BD,5001
1/1/2014,2:40,Wednesday,SHEPPARD STATION,MUNCA,0,0,,YU,0
1/1/2014,3:10,Wednesday,LANSDOWNE STATION,SUDP,3,8,W,BD,5116
1/1/2014,3:20,Wednesday,BLOOR STATION,MUSAN,5,10,S,YU,5386
1/1/2014,3:29,Wednesday,DUFFERIN STATION,MUPAA,0,0,E,BD,5174
1/1/2014,7:31,Wednesday,NORTH YORK CTR STATION,MUNCA,0,0,,YU,0
1/1/2014,7:32,Wednesday,SHEPPARD STATION,MUNCA,0,0,,YU,0
1/1/2014,7:34,Wednesday,QUEEN STATION,MUNCA,0,0,,YU,0
1/1/2014,7:34,Wednesday,RUNNYMEDE STATION,MUNCA,0,0,,BD,0
1/1/2014,7:53,Wednesday,ST ANDREW STATION,MUNCA,0,0,,YU,0
1/1/2014,8:20,Wednesday,WELLESLEY STATION,MUNCA,0,0,,YU,0
1/1/2014,8:48,Wednesday,KIPLING STATION,MUNOA,5,0,E,BD,0
1/1/2014,8:49,Wednesday,YONGE SHP STATION,MUNOA,6,12,E,SHP,5276
1/1/2014,8:53,Wednesday,ST PATRICK STATION,TUSC,0,0,S,YU,5611
1/1/2014,8:55,Wednesday,YONGE SHP STATION,MUNOA,12,18,E,SHP,5282
1/1/2014,8:58,Wednesday,KENNEDY BD STATION,MUNOA,5,10,W,BD,0
1/1/2014,9:00,Wednesday,JANE STATION,MUNOA,5,0,W,BD,0
1/1/2014,9:00,Wednesday,OLD MILL STATION,MUNOA,5,0,W,BD,0
1/1/2014,9:01,Wednesday,BLOOR STATION,MUNOA,3,0,S,YU,0
1/1/2014,9:10,Wednesday,WILSON CARHOUSE,SUG,0,0,,YU,0
1/1/2014,9:23,Wednesday,SHEPPARD WEST STATION,MUNOA,5,10,S,YU,0
1/1/2014,9:27,Wednesday,SHEPPARD WEST STATION,MUNOA,5,10,S,YU,0
1/1/2014,9:32,Wednesday,SHEPPARD WEST STATION,MUNOA,5,10,S,YU,0
1/1/2014,9:38,Wednesday,BAY STATION,SUDP,5,10,E,BD,5214
1/1/2014,9:38,Wednesday,FINCH STATION,MUNOA,0,0,S,YU,5681
1/1/2014,10:25,Wednesday,COXWELL STATION,MUTO,5,11,W,BD,5315
1/1/2014,10:52,Wednesday,ST CLAIR WEST STATION,MUSC,0,0,N,YU,5362
1/1/2014,11:04,Wednesday,NORTH YORK CTR STATION,SUEAS,9,14,S,YU,5411
1/1/2014,11:20,Wednesday,DUFFERIN STATION,MUIR,7,12,W,BD,5015
1/1/2014,12:04,Wednesday,QUEEN STATION,SUO,4,8,S,YU,5681
1/1/2014,15:37,Wednesday,QUEEN STATION,MUI,5,9,S,YU,5511
1/1/2014,16:03,Wednesday,DUPONT STATION,MUPLB,4,8,N,YU,5536
1/1/2014,16:51,Wednesday,KENNEDY BD STATION,TUMVS,0,0,E,BD,5190
1/1/2014,18:07,Wednesday,KENNEDY BD STATION,MUIR,5,10,W,BD,5159
1/1/2014,18:15,Wednesday,YORK MILLS STATION,PUTIJ,0,0,S,YU,5386
1/1/2014,18:37,Wednesday,DUNDAS WEST STATION,PUMEL,0,0,,BD,0
1/1/2014,18:39,Wednesday,OSGOODE STATION,MUIR,3,7,S,YU,5776
1/1/2014,19:08,Wednesday,QUEEN STATION,SUDP,5,9,S,YU,5362
1/1/2014,19:23,Wednesday,COLLEGE STATION,MUI,0,0,S,YU,5776
1/1/2014,20:00,Wednesday,FINCH STATION,MUNOA,4,8,S,YU,0
1/1/2014,21:28,Wednesday,YONGE SHP STATION,MUNOA,5,10,E,SHP,5358
1/1/2014,21:49,Wednesday,YONGE BD STATION,SUUT,17,22,W,BD,5147
1/1/2014,23:22,Wednesday,VICTORIA PARK STATION,SUAP,0,0,,BD,0
1/1/2014,23:24,Wednesday,ST GEORGE YUS STATION,EUDO,3,8,S,YU,5576
1/2/2014,0:12,Thursday,MCCOWAN STATION,ERWA,6,12,N,SRT,3027
1/2/2014,1:54,Thursday,BAY STATION,EUOE,0,0,W,BD,5174
1/2/2014,5:18,Thursday,BROADVIEW STATION,MUNCA,0,0,,BD,0
1/2/2014,5:20,Thursday,LANSDOWNE STATION,MUNCA,0,0,,BD,0
1/2/2014,5:52,Thursday,EGLINTON STATION,MUSC,0,0,N,YU,5260
1/2/2014,5:55,Thursday,EGLINTON STATION,MUNOA,5,0,N,YU,0
1/2/2014,6:04,Thursday,BROADVIEW STATION,MUIR,0,0,W,BD,5080
1/2/2014,6:13,Thursday,SHEPPARD WEST STATION,MUTO,5,10,S,YU,5771
1/2/2014,6:36,Thursday,ROSEDALE STATION,TUOS,0,0,N,YU,5731
1/2/2014,6:40,Thursday,PAPE STATION,MUDD,3,6,W,BD,5210
1/2/2014,7:02,Thursday,ROSEDALE STATION,MUSC,0,0,N,YU,5270
1/2/2014,7:04,Thursday,ROSEDALE STATION,TUSC,0,0,N,YU,5270
1/2/2014,7:17,Thursday,GREENWOOD STATION,TUNOA,3,6,E,BD,5886
1/2/2014,7:25,Thursday,LAWRENCE EAST STATION,ERDO,0,0,N,SRT,3007
1/2/2014,7:40,Thursday,KENNEDY SRT STATION,ERDO,4,9,N,SRT,3021
1/2/2014,7:42,Thursday,JANE STATION,TUSC,0,0,W,BD,5023
1/2/2014,7:48,Thursday,ISLINGTON STATION,TUSC,0,0,E,BD,5023
1/2/2014,7:53,Thursday,MCCOWAN STATION,ERDO,0,0,S,SRT,3004
1/2/2014,7:56,Thursday,KENNEDY BD STATION,MUSC,3,6,W,BD,5039
1/2/2014,8:03,Thursday,WARDEN STATION,TUMVS,0,0,W,BD,5127
1/2/2014,8:05,Thursday,NORTH YORK CTR STATION,EUPI,5,8,N,YU,5581
1/2/2014,8:17,Thursday,FINCH STATION,MUTO,3,6,S,YU,5586
1/2/2014,8:28,Thursday,DAVISVILLE STATION,EUDO,8,11,S,YU,5287
1/2/2014,8:29,Thursday,DUNDAS WEST STATION,PUMEL,0,0,,BD,0
1/2/2014,8:39,Thursday,EGLINTON STATION,PUTIS,6,9,S,YU,5586
1/2/2014,8:46,Thursday,DUPONT STATION,MUSC,0,0,S,YU,5766
1/2/2014,8:46,Thursday,LAWRENCE STATION,MUPAA,0,0,S,YU,5796
1/2/2014,8:55,Thursday,FINCH STATION,MUTO,3,6,S,YU,5561
1/2/2014,8:59,Thursday,BLOOR STATION,MUIR,0,0,S,,0
1/2/2014,8:59,Thursday,EGLINTON WEST STATION,MUDD,0,0,N,YU,5661
1/2/2014,9:07,Thursday,KEELE STATION,TUSC,0,0,E,BD,5052
1/2/2014,9:29,Thursday,MIDLAND STATION,ERDO,0,0,N,SRT,3027
1/2/2014,10:34,Thursday,EGLINTON STATION,TUNIP,3,6,N,YU,5791
1/2/2014,11:25,Thursday,SHEPPARD WEST STATION,EUDO,5,9,S,YU,5151
1/2/2014,11:30,Thursday,YONGE UNIVERSITY LINE,MUGD,0,0,,YU,0
1/2/2014,11:46,Thursday,KENNEDY BD STATION,MUSC,0,0,W,BD,5039
1/2/2014,12:29,Thursday,EGLINTON STATION,MUPAA,0,0,S,YU,5386
1/2/2014,12:38,Thursday,ELLESMERE STATION,ERTC,9,15,S,SRT,3016
1/2/2014,12:47,Thursday,KIPLING STATION,MUSC,0,0,W,BD,5312
1/2/2014,13:20,Thursday,EGLINTON STATION,MUNOA,7,11,S,YU,5796
1/2/2014,13:29,Thursday,EGLINTON STATION,MUNOA,5,8,S,YU,5431
1/2/2014,13:32,Thursday,EGLINTON STATION,MUNOA,8,12,N,YU,5641
1/2/2014,13:47,Thursday,ISLINGTON STATION,MUSC,0,0,E,BD,5010
1/2/2014,13:54,Thursday,WARDEN STATION,TUSC,0,0,E,BD,5083
1/2/2014,14:21,Thursday,UNION STATION,MUPAA,4,7,N,YU,5236
1/2/2014,14:28,Thursday,BLOOR STATION,MUNCA,0,0,,YU,0
1/2/2014,14:32,Thursday,CHESTER STATION,PUMST,0,0,E,BD,0
1/2/2014,14:35,Thursday,JANE STATION,TUSC,0,0,W,BD,5136
1/2/2014,14:42,Thursday,SHEPPARD WEST STATION,MUNOA,8,13,S,YU,5566
1/2/2014,15:00,Thursday,OSGOODE STATION,MUPAA,0,0,N,YU,5362
1/2/2014,15:35,Thursday,LAWRENCE EAST STATION,ERTC,7,11,N,SRT,3017
1/2/2014,15:49,Thursday,MIDLAND STATION,ERTC,5,9,N,SRT,3017
1/2/2014,16:00,Thursday,YORK MILLS STATION,PUSI,3,6,S,YU,5476
1/2/2014,16:06,Thursday,YORK MILLS STATION,PUSI,3,6,S,YU,5411
1/2/2014,16:09,Thursday,GLENCAIRN STATION,MUSC,0,0,S,YU,5151
1/2/2014,16:14,Thursday,WELLESLEY STATION,MUNCA,0,0,,YU,0
1/2/2014,16:17,Thursday,ST CLAIR WEST STATION,MUTO,5,8,S,YU,5576
1/2/2014,16:30,Thursday,WILSON STATION,MUNOA,3,7,S,YU,0
1/2/2014,16:41,Thursday,DAVISVILLE STATION,PUSIS,3,6,N,YU,5601
1/2/2014,16:43,Thursday,ROSEDALE STATION,MUSC,0,0,N,YU,5151
1/2/2014,16:53,Thursday,ROSEDALE STATION,MUSC,0,0,S,YU,5281
1/2/2014,17:45,Thursday,YORKDALE STATION,MUSC,0,0,S,YU,5262
1/2/2014,19:59,Thursday,KENNEDY BD STATION,TUMVS,0,0,W,BD,5316
1/2/2014,20:29,Thursday,MUSEUM STATION,TUSC,0,0,S,YU,5274
1/2/2014,20:38,Thursday,RUNNYMEDE STATION,PUMEL,0,0,,BD,0
1/2/2014,21:00,Thursday,YONGE UNIVERSITY LINE,MUGD,0,0,,YU,0
1/2/2014,21:07,Thursday,DAVISVILLE STATION,PUSIS,5,9,N,YU,5486
1/2/2014,21:17,Thursday,KIPLING STATION,MUSC,0,0,W,BD,5023
1/2/2014,21:21,Thursday,MCCOWAN STATION,ERWA,6,12,N,SRT,3027
1/2/2014,22:00,Thursday,YONGE UNIVERSITY LINE,MUO,0,0,,YU,0
1/2/2014,22:01,Thursday,ST GEORGE YUS STATION,TUSC,0,0,N,YU,5761
1/2/2014,22:38,Thursday,YORK MILLS STATION,SUEAS,12,16,S,YU,5711
1/2/2014,23:03,Thursday,DAVISVILLE STATION,PUTIS,0,0,N,YU,5274
1/2/2014,23:17,Thursday,OSGOODE STATION,PUMST,0,0,,YU,0
1/2/2014,23:42,Thursday,SHEPPARD STATION,SUDP,0,0,,YU,0
1/2/2014,23:47,Thursday,DUPONT STATION,EUDO,4,9,N,YU,5541
1/3/2014,0:04,Friday,SHEPPARD WEST STATION,MUSAN,5,10,S,YU,5731
1/3/2014,0:07,Friday,DAVISVILLE HOSTLER,SUG,5,10,S,YU,5531
1/3/2014,5:33,Friday,LESLIE STATION,EUECD,8,0,E,SHP,5278
1/3/2014,5:46,Friday,DUNDAS STATION,MUNCA,0,0,,YU,0
1/3/2014,5:55,Friday,EGLINTON STATION,MUDD,4,9,N,YU,5766
1/3/2014,6:08,Friday,BROADVIEW STATION,TUML,7,0,E,BD,5860
1/3/2014,6:09,Friday,MCCOWAN STATION,ERTC,3,9,S,SRT,3002
1/3/2014,6:09,Friday,PAPE STATION,TUML,5,10,E,BD,0
1/3/2014,6:19,Friday,PAPE STATION,PUMEL,0,0,,BD,0
1/3/2014,6:21,Friday,YORK MILLS STATION,PUSI,0,0,S,YU,5491
1/3/2014,6:27,Friday,CHESTER STATION,EUNT,0,0,W,BD,5301
1/3/2014,6:40,Friday,DUPONT STATION,MUD,3,8,N,YU,5621
1/3/2014,6:45,Friday,DUNDAS STATION,EUDO,3,6,S,YU,5491
1/3/2014,6:45,Friday,YORK MILLS STATION,PUSI,0,0,S,YU,5281
1/3/2014,6:48,Friday,PAPE STATION,EUNT,7,12,W,BD,5039
1/3/2014,7:22,Friday,WILSON STATION,EUNEA,3,6,S,YU,0
1/3/2014,7:23,Friday,KENNEDY BD STATION,EUCH,4,7,W,BD,0
1/3/2014,8:16,Friday,VICTORIA PARK STATION,PUTIS,0,0,W,BD,5158
1/3/2014,8:57,Friday,SHERBOURNE STATION,MUI,0,0,W,BD,5217
1/3/2014,9:36,Friday,BROADVIEW STATION,SUDP,0,0,E,BD,5055
1/3/2014,9:40,Friday,BROADVIEW STATION,SUDP,4,7,E,BD,5201
1/3/2014,9:51,Friday,ST CLAIR WEST STATION,TUSC,0,0,N,YU,5781
1/3/2014,10:24,Friday,FINCH STATION,MUTO,4,7,S,YU,0
1/3/2014,11:00,Friday,YONGE UNIVERSITY LINE,MUGD,0,0,,YU,0
1/3/2014,11:03,Friday,YORKDALE STATION,PUSIC,0,0,N,YU,5253
1/3/2014,11:30,Friday,BLOOR DANFORTH SUBWAY,MUGD,0,0,,BD,0
1/3/2014,11:48,Friday,QUEEN STATION,EUDO,0,0,S,YU,5481
1/3/2014,11:54,Friday,EGLINTON STATION,PUSIS,0,0,N,YU,5546
1/3/2014,12:18,Friday,SHEPPARD STATION,MUPAA,0,0,N,YU,5556
1/3/2014,12:26,Friday,ST PATRICK STATION,EUDO,0,0,S,YU,5496
1/3/2014,14:29,Friday,VICTORIA PARK STATION,MUPLB,20,23,E,BD,5013
1/3/2014,14:44,Friday,KING STATION,SUDP,4,8,S,YU,5636
1/3/2014,15:11,Friday,LANSDOWNE STATION,SUO,7,10,E,BD,5342
1/3/2014,15:18,Friday,YORK MILLS STATION,EUDO,3,7,S,YU,5456
1/3/2014,15:25,Friday,EGLINTON STATION,PUTTC,3,7,S,YU,5456
1/3/2014,15:38,Friday,LAWRENCE EAST STATION,ERTC,10,14,N,SRT,3001
1/3/2014,15:43,Friday,GLENCAIRN STATION,EUDO,0,0,S,YU,5471
1/3/2014,15:44,Friday,GREENWOOD YARD,TUMVS,0,0,W,BD,5016
1/3/2014,15:48,Friday,DUNDAS STATION,MUIR,0,0,,YU,0
1/3/2014,16:52,Friday,ST CLAIR WEST STATION,EUDO,4,7,S,YU,5436
1/3/2014,16:55,Friday,LAWRENCE STATION,TUSC,0,0,N,YU,5282
1/3/2014,17:39,Friday,EGLINTON STATION,MUPAA,4,7,N,YU,5666
1/3/2014,18:01,Friday,BATHURST STATION,MUNCA,0,0,,BD,0
1/3/2014,18:25,Friday,COXWELL STATION,MUO,0,0,,BD,0
1/3/2014,18:40,Friday,BATHURST STATION,MUI,0,0,W,BD,0
1/3/2014,18:55,Friday,KEELE STATION,MUPLB,27,31,E,BD,5201
1/3/2014,18:55,Friday,QUEEN STATION,SUAE,3,7,S,YU,5481
1/3/2014,19:03,Friday,WILSON STATION,TUSC,0,0,N,YU,5491
1/3/2014,19:05,Friday,LAWRENCE WEST STATION,TUSC,0,0,N,YU,5281
1/3/2014,20:41,Friday,UNION STATION,MUI,0,0,,YU,0
1/3/2014,20:43,Friday,DONLANDS STATION,MUO,0,0,,BD,0
1/3/2014,21:47,Friday,BROADVIEW STATION,MUNCA,0,0,,BD,0
1/3/2014,22:00,Friday,YONGE UNIVERSITY LINE,MUO,0,0,,YU,0
1/3/2014,22:05,Friday,BAYVIEW STATION,MUSC,7,12,E,SHP,5291
1/3/2014,22:30,Friday,DUPONT STATION,MUNCA,0,0,,YU,0
1/3/2014,23:54,Friday,YONGE SHP STATION,MUSC,0,0,E,SHP,5291
1/4/2014,0:34,Saturday,PAPE STATION,SUAP,5,10,E,BD,5123
1/4/2014,1:32,Saturday,DON MILLS STATION,TUSC,0,0,W,SHP,5226
1/4/2014,6:00,Saturday,BLOOR STATION,MUFM,0,0,,YU,0
1/4/2014,6:00,Saturday,YONGE BD STATION,MUFM,0,0,W,BD,0
1/4/2014,6:09,Saturday,EGLINTON STATION,PUSO,4,9,S,YU,5831
1/4/2014,8:02,Saturday,BAYVIEW STATION,MUO,0,0,W,SHP,5352
1/4/2014,9:51,Saturday,EGLINTON STATION,PUSIS,5,10,,YU,5431
1/4/2014,9:54,Saturday,VICTORIA PARK STATION,MUNCA,0,0,,BD,0
1/4/2014,11:19,Saturday,BAYVIEW STATION,PUSNT,0,0,W,SHP,5352
1/4/2014,11:26,Saturday,QUEEN'S PARK STATION,TUSC,0,0,N,YU,5239
1/4/2014,12:00,Saturday,YONGE SHP STATION,MUO,0,0,,SHP,0
1/4/2014,12:41,Saturday,NORTH YORK CTR STATION,MUI,0,0,S,YU,5586
1/4/2014,13:30,Saturday,FINCH STATION,TUO,4,8,S,YU,5686
1/4/2014,13:48,Saturday,KENNEDY SRT STATION,ERPR,6,12,N,SRT,3019
1/4/2014,14:28,Saturday,DAVISVILLE STATION,MUPAA,0,0,N,YU,5581
1/4/2014,14:44,Saturday,DON MILLS STATION,PUCSS,10,15,W,SHP,5352
1/4/2014,14:45,Saturday,EGLINTON WEST STATION,EUDO,3,7,N,YU,5621
1/4/2014,14:56,Saturday,FINCH STATION,TUSC,0,0,N,YU,5706
1/4/2014,16:08,Saturday,GLENCAIRN STATION,TUSC,3,7,S,YU,5581
1/4/2014,16:23,Saturday,ST CLAIR WEST STATION,TUSC,0,0,S,YU,5706
1/4/2014,17:09,Saturday,SPADINA YUS STATION,PUTIJ,4,8,N,YU,5831
1/4/2014,18:47,Saturday,SPADINA YUS STATION,PUSTC,3,6,N,YU,5631
1/4/2014,19:18,Saturday,SUMMERHILL STATION,MUPAA,3,8,N,YU,5646
1/4/2014,19:53,Saturday,DUNDAS WEST STATION,TUMVS,0,0,W,BD,5316
1/4/2014,20:02,Saturday,ROSEDALE STATION,PUMST,0,0,,YU,0
1/4/2014,20:23,Saturday,CHESTER STATION,SUDP,14,19,E,BD,5123
1/4/2014,21:02,Saturday,YORKDALE STATION,PUMST,0,0,,YU,0
1/4/2014,21:09,Saturday,ST CLAIR WEST STATION,EUDO,4,9,S,YU,5486
1/4/2014,21:23,Saturday,CHESTER STATION,PUMST,0,0,W,BD,0
1/4/2014,21:35,Saturday,ST CLAIR WEST STATION,TUSC,0,0,S,YU,5496
1/4/2014,21:42,Saturday,GREENWOOD STATION,MUFM,0,0,W,BD,5121
1/4/2014,22:00,Saturday,RUNNYMEDE STATION,PUMEL,0,0,,BD,0
1/4/2014,22:08,Saturday,SHEPPARD WEST STATION,MUI,0,0,,YU,0
1/5/2014,0:15,Sunday,ROYAL YORK STATION,SUG,5,10,E,BD,5186
1/5/2014,1:25,Sunday,LAWRENCE WEST STATION,TUSC,0,0,N,YU,5616
1/5/2014,1:27,Sunday,EGLINTON STATION,TUO,5,0,S,YU,5726
1/5/2014,7:16,Sunday,SHERBOURNE STATION,MUPLB,0,0,E,BD,0
1/5/2014,8:21,Sunday,DONLANDS STATION,MUNCA,0,0,,BD,0
1/5/2014,8:21,Sunday,KIPLING STATION,MUNCA,0,0,,BD,0
1/5/2014,8:22,Sunday,DUFFERIN STATION,MUNCA,0,0,,BD,0
1/5/2014,8:35,Sunday,QUEEN STATION,MUNCA,0,0,,YU,0
1/5/2014,9:30,Sunday,PAPE STATION,SUAE,0,0,E,BD,5036
1/5/2014,9:39,Sunday,ST CLAIR WEST STATION,MUSC,0,0,S,YU,5766
1/5/2014,9:52,Sunday,KING STATION,EUO,0,0,N,YU,5666
1/5/2014,11:47,Sunday,ST CLAIR WEST STATION,MUSC,3,8,S,YU,5766
1/5/2014,12:44,Sunday,YONGE SHP STATION,TUSC,4,10,W,SHP,5352
1/5/2014,13:42,Sunday,YORK MILLS STATION,TUSC,0,0,N,YU,5526
1/5/2014,15:10,Sunday,BLOOR STATION,MUIR,3,7,S,YU,5296
1/5/2014,15:29,Sunday,KIPLING STATION,EUPI,3,8,E,BD,5007
1/5/2014,15:56,Sunday,YONGE BD STATION,EUPI,8,13,E,BD,5007
1/5/2014,16:02,Sunday,DUNDAS STATION,PUMEL,0,0,,YU,0
1/5/2014,16:10,Sunday,DUNDAS WEST STATION,MUI,0,0,W,BD,0
1/5/2014,16:29,Sunday,HIGH PARK STATION,PUMST,0,0,,BD,0
1/5/2014,16:33,Sunday,ROSEDALE STATION,TUOS,0,0,N,YU,5766
1/5/2014,16:52,Sunday,UNION STATION,MUIR,4,8,N,YU,5646
1/5/2014,17:22,Sunday,MAIN STREET STATION,MUIR,4,9,W,BD,5212
1/5/2014,18:04,Sunday,DUPONT STATION,PUMEL,0,0,,YU,0
1/5/2014,18:48,Sunday,OSSINGTON STATION,TUST,5,10,E,BD,5111
1/5/2014,18:49,Sunday,SHEPPARD WEST STATION,TUST,4,8,S,YU,5272
1/5/2014,19:25,Sunday,KENNEDY BD STATION,TUST,5,10,W,BD,5077
1/5/2014,19:45,Sunday,KEELE STATION,SUAP,6,11,E,BD,5099
1/5/2014,19:55,Sunday,FINCH STATION,TUST,4,8,S,YU,5139
1/5/2014,20:02,Sunday,GLENCAIRN STATION,MUSC,0,0,N,YU,5296
1/5/2014,20:53,Sunday,SHEPPARD WEST STATION,TUMVS,0,0,N,YU,5601
1/5/2014,22:00,Sunday,YONGE UNIVERSITY LINE,MUO,0,0,,BD,0
1/5/2014,22:38,Sunday,ROYAL YORK STATION,MUI,0,0,,BD,0
1/5/2014,23:32,Sunday,KENNEDY SRT STATION,ERTC,24,29,N,SRT,364
1/6/2014,5:01,Monday,LAWRENCE STATION,PUTDN,0,0,S,YU,0
1/6/2014,5:15,Monday,YORK MILLS STATION,MUNCA,0,0,,YU,0
1/6/2014,5:33,Monday,SUMMERHILL STATION,MUNCA,0,0,,YU,0
1/6/2014,5:36,Monday,DONLANDS STATION,MUNCA,0,0,,BD,0
1/6/2014,5:40,Monday,QUEEN STATION,MUNCA,1,0,,YU,0
1/6/2014,5:48,Monday,MCCOWAN STATION,ERTL,4,0,S,SRT,3026
1/6/2014,5:57,Monday,GREENWOOD STATION,MUNOA,3,6,E,BD,0
1/6/2014,5:58,Monday,BROADVIEW STATION,EUME,3,0,W,BD,5210
1/6/2014,6:03,Monday,MCCOWAN STATION,MRTO,5,11,S,SRT,3026
1/6/2014,6:16,Monday,ROYAL YORK STATION,MUDD,3,8,E,BD,5152
1/6/2014,6:43,Monday,ROSEDALE STATION,MUO,3,8,N,YU,5826
1/6/2014,6:49,Monday,DUNDAS WEST STATION,MUTO,3,6,W,BD,5177
1/6/2014,7:19,Monday,EGLINTON STATION,PUSIS,5,10,S,YU,5821
1/6/2014,8:13,Monday,NORTH YORK CTR STATION,TUSC,0,0,S,YU,5761
1/6/2014,8:30,Monday,LAWRENCE STATION,PUMEL,0,0,,YU,0
1/6/2014,8:33,Monday,WILSON STATION,PUSI,0,0,N,YU,5666
1/6/2014,8:38,Monday,MAIN STREET STATION,MUIR,3,6,W,BD,5089
1/6/2014,8:38,Monday,WILSON STATION,PUSI,0,0,N,YU,5486
1/6/2014,8:50,Monday,WILSON STATION,PUSI,0,0,N,YU,5270
1/6/2014,8:58,Monday,QUEEN STATION,MUDD,7,10,S,YU,5421
1/6/2014,9:07,Monday,YORKDALE STATION,PUSO,0,0,N,YU,0
1/6/2014,9:11,Monday,YORKDALE STATION,PUSO,0,0,N,YU,5265
1/6/2014,9:24,Monday,ROSEDALE STATION,MUSC,0,0,N,YU,5661
1/6/2014,9:25,Monday,ROYAL YORK STATION,PUSI,0,0,W,BD,5349
1/6/2014,10:08,Monday,YORKDALE STATION,PUSO,0,0,N,YU,5496
1/6/2014,10:34,Monday,CASTLE FRANK STATION,TUOS,3,8,W,BD,5177
1/6/2014,11:05,Monday,WILSON STATION,PUSO,0,0,N,YU,5761
1/6/2014,11:39,Monday,VICTORIA PARK STATION,MUIR,0,0,,BD,0
1/6/2014,12:33,Monday,WILSON STATION,PUSO,0,0,N,YU,5586
1/6/2014,12:39,Monday,YORKDALE STATION,PUSO,0,0,N,YU,5272
1/6/2014,12:52,Monday,YORKDALE STATION,PUSO,0,0,N,YU,5281
1/6/2014,12:57,Monday,WILSON STATION,PUSIS,0,0,N,YU,5234
1/6/2014,13:21,Monday,WILSON STATION,PUSIS,0,0,N,YU,5666
1/6/2014,13:23,Monday,YORKDALE STATION,PUSIS,0,0,S,YU,5306
1/6/2014,13:34,Monday,LAWRENCE WEST STATION,MUPAA,0,0,N,YU,5561
1/6/2014,13:36,Monday,YORKDALE STATION,PUSIS,3,7,S,YU,5661
1/6/2014,13:42,Monday,YONGE UNIVERSITY LINE,MUO,0,0,,YU,0
1/6/2014,13:48,Monday,YORKDALE STATION,PUSIS,0,0,S,YU,5766
1/6/2014,14:19,Monday,WARDEN STATION,PUSTS,4,8,E,BD,5860
1/6/2014,16:19,Monday,BLOOR STATION,MUI,0,0,S,YU,0
1/6/2014,16:26,Monday,SHERBOURNE STATION,MUI,6,9,E,BD,5028
1/6/2014,17:10,Monday,RUNNYMEDE STATION,MUNCA,0,0,,BD,0
1/6/2014,17:29,Monday,WILSON STATION,PUSI,0,0,N,YU,5671
1/6/2014,17:40,Monday,OLD MILL STATION,MUIR,10,13,E,BD,5860
1/6/2014,17:50,Monday,DON MILLS STATION,PUSTS,0,0,W,SHP,5299
1/6/2014,18:00,Monday,BLOOR DANFORTH SUBWAY,MUGD,0,0,,BD,0
1/6/2014,18:20,Monday,GLENCAIRN STATION,MUNCA,0,0,,YU,0
1/6/2014,18:21,Monday,EGLINTON STATION,TUO,4,7,N,YU,5506
1/6/2014,18:22,Monday,ST GEORGE YUS STATION,MUPAA,5,8,N,YU,5796
1/6/2014,18:26,Monday,GLENCAIRN STATION,MUNCA,0,0,,YU,0
1/6/2014,19:30,Monday,YONGE UNIVERSITY LINE,MUGD,0,0,,YU,0
1/6/2014,19:44,Monday,LAWRENCE STATION,MUIR,3,7,N,YU,5786
1/6/2014,19:50,Monday,YORKDALE STATION,SUDP,0,0,N,YU,5551
1/6/2014,20:02,Monday,FINCH STATION,EUTRD,4,8,S,YU,5786
1/6/2014,20:03,Monday,WILSON STATION,TUMVS,3,6,N,YU,5231
1/6/2014,20:27,Monday,WILSON STATION,PUSTS,3,6,N,YU,5671
1/6/2014,22:00,Monday,ISLINGTON STATION,PUSIS,3,7,E,BD,5001
1/6/2014,22:00,Monday,YONGE UNIVERSITY LINE,MUO,0,0,,YU,0
1/6/2014,22:20,Monday,YONGE SHP STATION,MUSC,0,0,E,SHP,5278
1/6/2014,23:52,Monday,KIPLING STATION,MUTO,5,10,E,BD,0
1/6/2014,23:57,Monday,WARDEN STATION,PUSTS,0,0,E,BD,5042
1/7/2014,0:46,Tuesday,EGLINTON STATION,MUPAA,0,0,S,YU,5666
1/7/2014,3:00,Tuesday,YONGE UNIVERSITY LINE,TUML,0,0,,BD,0
1/7/2014,5:34,Tuesday,YONGE SHP STATION,MUSC,0,0,E,SHP,5291
1/7/2014,5:37,Tuesday,OSSINGTON STATION,MUNCA,0,0,,BD,0
1/7/2014,5:44,Tuesday,MCCOWAN STATION,MRTO,3,0,S,SRT,3004
1/7/2014,5:59,Tuesday,PAPE STATION,TUML,4,8,E,BD,5181
1/7/2014,6:07,Tuesday,ST ANDREW STATION,PUTDN,0,0,N,YU,5726
1/7/2014,6:14,Tuesday,KENNEDY SRT STATION,MRTO,0,0,S,SRT,3024
1/7/2014,6:40,Tuesday,KIPLING STATION,MUNOA,3,6,E,BD,0
1/7/2014,6:45,Tuesday,KEELE STATION,MUDD,3,6,E,BD,5001
1/7/2014,6:58,Tuesday,DAVISVILLE STATION,MUSC,0,0,S,YU,5656
1/7/2014,7:11,Tuesday,ELLESMERE STATION,MRTO,0,0,N,SRT,3015
1/7/2014,7:16,Tuesday,KENNEDY BD STATION,MUWEA,3,6,W,BD,5933
1/7/2014,7:27,Tuesday,YORKDALE STATION,EUDO,4,9,S,YU,5260
1/7/2014,7:28,Tuesday,WARDEN STATION,SUCOL,0,0,,BD,0
1/7/2014,7:31,Tuesday,GREENWOOD STATION,MUD,0,0,E,BD,5178
1/7/2014,7:33,Tuesday,LAWRENCE WEST STATION,MUDD,3,6,S,YU,5260
1/7/2014,7:40,Tuesday,WILSON STATION,MUWEA,3,6,S,YU,5281
1/7/2014,7:51,Tuesday,DUPONT STATION,EUDO,7,10,S,YU,5260
1/7/2014,8:15,Tuesday,MIDLAND STATION,MRWEA,4,9,N,SRT,3007
1/7/2014,8:26,Tuesday,YONGE BD STATION,MUIR,0,0,W,BD,0
1/7/2014,8:30,Tuesday,ST ANDREW STATION,MUI,22,25,N,YU,5531
1/7/2014,8:48,Tuesday,DUNDAS STATION,MUIR,0,0,S,YU,5666
1/7/2014,8:51,Tuesday,QUEEN'S PARK STATION,MUPAA,3,6,S,YU,5621
1/7/2014,8:59,Tuesday,ISLINGTON STATION,PUSNT,0,0,W,BD,5013
1/7/2014,9:10,Tuesday,EGLINTON STATION,PUSTS,0,0,N,YU,5606
1/7/2014,9:13,Tuesday,ST GEORGE BD STATION,SUAE,0,0,N,,0
1/7/2014,9:49,Tuesday,LAWRENCE EAST STATION,MRTO,6,12,N,SRT,3015
1/7/2014,9:57,Tuesday,BAY STATION,MUNCA,0,0,,BD,0
1/7/2014,10:05,Tuesday,GREENWOOD YARD,PUTIS,0,0,,BD,0
1/7/2014,10:06,Tuesday,ROSEDALE STATION,PUSTS,0,0,N,YU,5691
1/7/2014,10:09,Tuesday,WELLESLEY STATION,TUMVS,0,0,S,YU,5796
1/7/2014,10:55,Tuesday,YORKDALE STATION,PUSI,0,0,N,YU,5736
1/7/2014,11:23,Tuesday,JANE STATION,PUMST,0,0,,BD,0
1/7/2014,11:37,Tuesday,BLOOR STATION,MUIR,0,0,S,YU,0
1/7/2014,11:37,Tuesday,ST GEORGE YUS STATION,EUDO,3,7,S,YU,5781
1/7/2014,12:25,Tuesday,MIDLAND STATION,MRPAA,0,0,N,SRT,3019
1/7/2014,13:03,Tuesday,DAVISVILLE STATION,PUSNT,3,7,S,YU,5229
1/7/2014,13:09,Tuesday,DAVISVILLE STATION,PUSNT,0,0,S,YU,5726
1/7/2014,13:32,Tuesday,EGLINTON WEST STATION,MUNCA,0,0,,YU,0
1/7/2014,13:49,Tuesday,QUEEN STATION,SUAE,0,0,S,YU,5786
1/7/2014,13:55,Tuesday,BLOOR STATION,MUIR,0,0,N,YU,0
1/7/2014,13:55,Tuesday,ISLINGTON STATION,MUTO,0,0,,BD,0
1/7/2014,13:58,Tuesday,UNION STATION,MUO,4,8,S,YU,5786
1/7/2014,14:04,Tuesday,ROSEDALE STATION,PUSIS,0,0,N,YU,5706
1/7/2014,14:14,Tuesday,DAVISVILLE STATION,PUSI,0,0,S,YU,5531
1/7/2014,14:44,Tuesday,ROYAL YORK STATION,MUI,0,0,,BD,0
1/7/2014,15:01,Tuesday,LAWRENCE WEST STATION,TUOS,0,0,S,YU,5686
1/7/2014,15:18,Tuesday,KENNEDY BD STATION,MUWEA,4,8,W,BD,5933
1/7/2014,15:54,Tuesday,GLENCAIRN STATION,EUDO,3,6,S,YU,5151
1/7/2014,16:08,Tuesday,WILSON STATION,PUSIS,0,0,N,YU,5786
1/7/2014,16:31,Tuesday,EGLINTON STATION,EUME,5,8,N,YU,5606
1/7/2014,16:53,Tuesday,LAWRENCE EAST STATION,MRTO,5,9,S,SRT,3010
1/7/2014,18:33,Tuesday,ELLESMERE STATION,ERTC,10,15,N,SRT,3017
1/7/2014,18:34,Tuesday,YORKDALE STATION,PUSIS,4,7,N,YU,5511
1/7/2014,19:00,Tuesday,YONGE UNIVERSITY LINE,MUGD,0,0,,YU,0
1/7/2014,20:40,Tuesday,CHRISTIE STATION,MUNCA,0,0,,BD,0
1/7/2014,22:00,Tuesday,BLOOR DANFORTH SUBWAY,MUGD,0,0,,BD,0
1/7/2014,22:00,Tuesday,YONGE UNIVERSITY LINE,MUO,0,0,,BD,0
1/7/2014,22:03,Tuesday,FINCH STATION,SUSA,18,23,S,YU,5551
1/7/2014,22:31,Tuesday,DON MILLS STATION,SUBT,29,34,E,SHP,5299
1/7/2014,22:58,Tuesday,KENNEDY BD STATION,PUCSS,10,15,W,BD,5096
1/7/2014,23:21,Tuesday,FINCH STATION,MUSC,0,0,S,YU,5746
1/7/2014,23:34,Tuesday,FINCH STATION,MUSC,0,0,S,YU,5671
1/7/2014,23:46,Tuesday,SHEPPARD WEST STATION,MUSC,0,0,S,YU,5466
1/8/2014,0:44,Wednesday,YONGE SHP STATION,PUSO,5,11,W,SHP,5275
1/8/2014,1:08,Wednesday,SCARB CTR STATION,MRTO,9,15,N,SRT,3017
1/8/2014,1:48,Wednesday,MCCOWAN STATION,MRTO,0,0,N,SRT,3017
1/8/2014,5:28,Wednesday,WILSON HOSTLER,MUNOA,0,0,S,YU,5511
1/8/2014,5:36,Wednesday,EGLINTON WEST STATION,TUSC,0,0,N,YU,5541
1/8/2014,5:49,Wednesday,DUNDAS WEST STATION,TUMVS,0,0,W,BD,5305
1/8/2014,6:01,Wednesday,BLOOR STATION,TUSUP,7,0,N,YU,5151
1/8/2014,6:14,Wednesday,DON MILLS STATION,PUSI,4,10,W,SHP,5275
1/8/2014,6:15,Wednesday,MCCOWAN STATION,MRTO,6,10,N,SRT,3006
1/8/2014,6:36,Wednesday,BROADVIEW STATION,MUI,0,0,W,BD,0
1/8/2014,6:40,Wednesday,DON MILLS STATION,PUSI,4,10,W,SHP,5278
1/8/2014,6:45,Wednesday,GLENCAIRN STATION,PUSI,0,0,N,YU,5731
1/8/2014,6:47,Wednesday,ISLINGTON STATION,EUDO,0,0,E,BD,5339
1/8/2014,6:50,Wednesday,DONLANDS STATION,MUNOA,3,6,W,BD,0
1/8/2014,6:58,Wednesday,LAWRENCE EAST STATION,ERTC,4,9,N,SRT,3017
1/8/2014,7:05,Wednesday,MIDLAND STATION,ERTC,5,0,N,SRT,3017
1/8/2014,7:05,Wednesday,OSSINGTON STATION,SUCOL,0,0,,BD,0
1/8/2014,7:06,Wednesday,WOODBINE STATION,EUBK,3,6,W,BD,5213
1/8/2014,7:08,Wednesday,SCARB CTR STATION,ERTC,7,15,N,SRT,3017
1/8/2014,7:10,Wednesday,SHEPPARD WEST STATION,TUSC,0,0,S,YU,5811
1/8/2014,7:14,Wednesday,ELLESMERE STATION,MRTO,5,20,N,SRT,3015
1/8/2014,7:28,Wednesday,SCARB CTR STATION,ERTC,7,25,N,SRT,3015
1/8/2014,7:56,Wednesday,FINCH STATION,TUSC,0,0,N,YU,5536
1/8/2014,8:02,Wednesday,COLLEGE STATION,MUPAA,3,6,N,YU,5681
1/8/2014,8:20,Wednesday,ROYAL YORK STATION,EUSC,0,0,E,BD,5334
1/8/2014,8:27,Wednesday,ISLINGTON STATION,MUSC,0,0,E,BD,5039
1/8/2014,8:43,Wednesday,KING STATION,MUSC,0,0,N,YU,5721
1/8/2014,8:47,Wednesday,COLLEGE STATION,MUSC,0,0,N,YU,5721
1/8/2014,8:47,Wednesday,LANSDOWNE STATION,EUDO,3,6,E,BD,5052
1/8/2014,8:50,Wednesday,DON MILLS STATION,PUSI,4,10,W,SHP,5359
1/8/2014,8:51,Wednesday,FINCH STATION,MUSC,0,0,S,YU,5746
1/8/2014,9:00,Wednesday,DON MILLS STATION,MUSC,4,10,W,SHP,5267
1/8/2014,9:01,Wednesday,ST CLAIR STATION,MUSC,4,7,N,YU,5721
1/8/2014,9:04,Wednesday,SPADINA BD STATION,MUIR,3,6,E,BD,5039
1/8/2014,9:07,Wednesday,NORTH YORK CTR STATION,TUSC,0,0,S,YU,5137
1/8/2014,9:08,Wednesday,BATHURST STATION,MUIR,0,0,E,BD,0
1/8/2014,9:14,Wednesday,ISLINGTON STATION,EUSC,5,8,E,BD,5039
1/8/2014,9:15,Wednesday,GLENCAIRN STATION,PUMST,0,0,,YU,0
1/8/2014,9:48,Wednesday,OSGOODE STATION,MUSC,0,0,N,YU,5421
1/8/2014,9:56,Wednesday,ST ANDREW STATION,TUSC,0,0,N,YU,5471
1/8/2014,10:00,Wednesday,FINCH STATION,SUPOL,5,8,S,YU,5606
1/8/2014,10:03,Wednesday,ST CLAIR WEST STATION,MUSC,5,8,N,YU,5421
1/8/2014,10:49,Wednesday,BROADVIEW STATION,MUSC,0,0,E,BD,5334
1/8/2014,10:50,Wednesday,DON MILLS STATION,PUSI,4,9,W,SHP,5359
1/8/2014,10:51,Wednesday,KENNEDY BD STATION,MUSC,0,0,W,BD,5312
1/8/2014,11:06,Wednesday,MCCOWAN STATION,ERTC,5,11,N,SRT,3017
1/8/2014,11:14,Wednesday,WARDEN STATION,MUSC,0,0,E,BD,5384
1/8/2014,11:25,Wednesday,KENNEDY BD STATION,MUSC,0,0,E,BD,5334
1/8/2014,11:26,Wednesday,FINCH STATION,MUSC,0,0,S,YU,5696
1/8/2014,11:46,Wednesday,HIGH PARK STATION,MUPLB,14,19,E,BD,5182
1/8/2014,11:57,Wednesday,FINCH STATION,PUMEL,0,0,,YU,0
1/8/2014,12:49,Wednesday,KIPLING STATION,MUSC,0,0,W,BD,5023
1/8/2014,13:34,Wednesday,CHRISTIE STATION,EULV,4,8,W,BD,5089
1/8/2014,14:20,Wednesday,MCCOWAN STATION,MRTO,9,15,N,SRT,3007
1/8/2014,14:34,Wednesday,JANE STATION,TUSC,0,0,W,BD,5023
1/8/2014,14:49,Wednesday,DONLANDS STATION,PUSIS,3,8,W,BD,5859
1/8/2014,14:58,Wednesday,LESLIE STATION,SUDP,0,0,,SHP,0
1/8/2014,15:02,Wednesday,KENNEDY SRT STATION,MRTO,3,9,N,SRT,3021
1/8/2014,15:03,Wednesday,KEELE STATION,EUSC,0,0,W,BD,5212
1/8/2014,15:50,Wednesday,SCARB CTR STATION,ERTC,9,14,N,SRT,3017
1/8/2014,16:26,Wednesday,YORKDALE STATION,PUMEL,0,0,,YU,0
1/8/2014,16:28,Wednesday,DUNDAS WEST STATION,TUMVS,0,0,W,BD,5023
1/8/2014,16:36,Wednesday,BLOOR STATION,PUMEL,0,0,,YU,0
1/8/2014,16:39,Wednesday,LANSDOWNE STATION,SUAE,0,0,,BD,0
1/8/2014,16:47,Wednesday,ROSEDALE STATION,MUSC,0,0,N,YU,5586
1/8/2014,16:51,Wednesday,MCCOWAN STATION,MRTO,4,9,N,SRT,3019
1/8/2014,16:59,Wednesday,KEELE STATION,MUSC,0,0,W,BD,5212
1/8/2014,17:03,Wednesday,FINCH STATION,MUTO,3,6,S,YU,5761
1/8/2014,17:20,Wednesday,KIPLING STATION,MUSC,0,0,E,BD,5048
1/8/2014,17:30,Wednesday,MIDLAND STATION,ERTC,3,8,N,SRT,3007
1/8/2014,18:07,Wednesday,LAWRENCE EAST STATION,MRTO,3,9,N,SRT,3017
1/8/2014,18:25,Wednesday,QUEEN STATION,MUSC,0,0,S,YU,5244
1/8/2014,18:30,Wednesday,YONGE UNIVERSITY LINE,MUGD,0,0,,YU,0
1/8/2014,18:59,Wednesday,KEELE STATION,EUSC,0,0,W,BD,5212
1/8/2014,19:12,Wednesday,MCCOWAN STATION,MRTO,5,11,N,SRT,3021
1/8/2014,19:26,Wednesday,WILSON STATION,TUSC,0,0,N,YU,5297
1/8/2014,20:21,Wednesday,ST PATRICK STATION,TUSC,0,0,N,YU,5496
1/8/2014,20:34,Wednesday,VICTORIA PARK STATION,TUSC,0,0,W,BD,5212
1/8/2014,21:16,Wednesday,DONLANDS STATION,MUIR,4,8,W,BD,5036
1/8/2014,22:00,Wednesday,YONGE UNIVERSITY LINE,MUO,0,0,,YU,0
1/8/2014,22:42,Wednesday,MCCOWAN STATION,MRTO,6,12,N,SRT,3009
1/8/2014,23:09,Wednesday,SHEPPARD WEST STATION,MUTO,0,0,S,YU,5656
1/8/2014,23:26,Wednesday,LAWRENCE EAST STATION,MRTO,3,9,N,SRT,3017
1/8/2014,23:36,Wednesday,MIDLAND STATION,MRTO,3,9,N,SRT,3017
1/8/2014,23:45,Wednesday,DUNDAS STATION,MUNCA,0,0,,YU,0
1/8/2014,23:51,Wednesday,COXWELL STATION,SUDP,4,9,W,BD,5154
1/9/2014,0:35,Thursday,YORKDALE STATION,PUSO,0,0,S,YU,5711
1/9/2014,0:46,Thursday,ISLINGTON STATION,MUSC,0,0,W,BD,5130
1/9/2014,0:49,Thursday,YORKDALE STATION,TUSC,0,0,S,YU,5426
1/9/2014,1:16,Thursday,OLD MILL STATION,TUSC,0,0,E,BD,5165
1/9/2014,1:33,Thursday,LANSDOWNE STATION,SUDP,13,18,W,BD,5013
1/9/2014,4:35,Thursday,ST PATRICK STATION,MUNCA,0,0,,YU,0
1/9/2014,5:42,Thursday,DUNDAS STATION,MUNCA,0,0,,YU,0
1/9/2014,5:43,Thursday,KENNEDY BD STATION,PUTWZ,38,42,W,BD,5901
1/9/2014,5:53,Thursday,ELLESMERE STATION,ERTC,3,0,S,SRT,3014
1/9/2014,5:56,Thursday,ST CLAIR STATION,MUO,0,0,N,YU,5288
1/9/2014,5:57,Thursday,VICTORIA PARK STATION,EUDO,10,0,E,BD,5901
1/9/2014,6:02,Thursday,MCCOWAN STATION,ERTC,3,9,S,SRT,3010
1/9/2014,6:13,Thursday,MCCOWAN STATION TO KEN,MRTO,0,0,B,SRT,0
1/9/2014,6:19,Thursday,WILSON YARD,MUSC,0,0,N,YU,5706
1/9/2014,6:21,Thursday,FINCH STATION,MUSC,0,0,S,YU,5641
1/9/2014,6:22,Thursday,SCARB CTR STATION,MRO,6,12,S,SRT,3014
1/9/2014,7:05,Thursday,GLENCAIRN STATION,MUSC,4,7,S,YU,5586
1/9/2014,7:26,Thursday,GREENWOOD STATION,MUNOA,3,6,E,BD,0
1/9/2014,7:37,Thursday,KENNEDY SRT STATION,ERTC,4,10,N,SRT,3001
1/9/2014,7:53,Thursday,SPADINA BD STATION,MUI,0,0,,BD,0
1/9/2014,7:54,Thursday,LAWRENCE WEST STATION,TUMVS,0,0,S,YU,5551
1/9/2014,7:54,Thursday,WARDEN STATION,MUSC,0,0,W,BD,5050
1/9/2014,8:32,Thursday,ST GEORGE BD STATION,MUI,4,7,E,BD,5096
1/9/2014,8:36,Thursday,OSGOODE STATION,MUSC,0,0,N,YU,5421
1/9/2014,8:50,Thursday,ST CLAIR WEST STATION,MUSC,0,0,N,YU,5421
1/9/2014,8:52,Thursday,MUSEUM STATION,MUI,0,0,S,YU,5370
1/9/2014,9:16,Thursday,MIDLAND STATION,ERTC,12,18,N,SRT,3017
1/9/2014,9:26,Thursday,BLOOR STATION,MUIR,0,0,S,YU,0
1/9/2014,9:52,Thursday,SPADINA YUS STATION,SUUT,33,36,S,YU,5736
1/9/2014,11:21,Thursday,OSGOODE STATION,TUSC,0,0,N,YU,5636
1/9/2014,11:22,Thursday,MCCOWAN STATION,ERTC,6,12,N,SRT,3021
1/9/2014,11:40,Thursday,WARDEN STATION,TUDOE,21,25,W,BD,5211
1/9/2014,11:57,Thursday,KENNEDY BD STATION,EUO,0,0,E,BD,5027
1/9/2014,12:08,Thursday,KENNEDY BD STATION,MUSC,0,0,W,BD,5050
1/9/2014,12:29,Thursday,MCCOWAN STATION,ERTC,6,12,N,SRT,3021
1/9/2014,12:29,Thursday,ST CLAIR WEST STATION,TUSC,0,0,S,YU,5661
1/9/2014,13:05,Thursday,SHEPPARD WEST STATION,PUSTS,0,0,S,YU,5756
1/9/2014,13:38,Thursday,WILSON STATION,MUTD,9,13,N,YU,5781
1/9/2014,14:02,Thursday,YORK MILLS STATION,MUNCA,0,0,,YU,0
1/9/2014,14:06,Thursday,DUPONT STATION,TUSC,0,0,S,YU,5139
1/9/2014,14:20,Thursday,HIGH PARK STATION,MUI,0,0,,BD,0
1/9/2014,14:24,Thursday,ST GEORGE BD STATION,MUO,6,10,E,BD,5035
1/9/2014,14:26,Thursday,EGLINTON STATION,TUSC,0,0,N,YU,5265
1/9/2014,14:30,Thursday,MCCOWAN STATION,MRNOA,5,10,S,SRT,0
1/9/2014,14:31,Thursday,FINCH STATION,MUIR,0,0,,,0
1/9/2014,14:33,Thursday,KENNEDY BD STATION,MUNOA,5,10,W,BD,0
1/9/2014,14:54,Thursday,DONLANDS STATION,EUDO,12,17,W,BD,5020
1/9/2014,15:16,Thursday,DONLANDS STATION,MUNOA,3,6,W,BD,0
1/9/2014,15:18,Thursday,GREENWOOD PORTAL,MUSC,0,0,W,BD,5144
1/9/2014,15:18,Thursday,MCCOWAN STATION,MRNOA,5,10,S,SRT,0
1/9/2014,15:50,Thursday,YONGE BD STATION,MUIR,4,7,E,BD,5839
1/9/2014,16:08,Thursday,KIPLING STATION,MUSC,3,6,E,BD,5030
1/9/2014,16:08,Thursday,ROSEDALE STATION,MUSC,3,7,N,YU,5601
1/9/2014,16:15,Thursday,SCARB CTR STATION,MRTO,5,10,N,SRT,3021
1/9/2014,16:20,Thursday,ST PATRICK STATION,MUIR,3,6,S,YU,5250
1/9/2014,16:25,Thursday,DAVISVILLE YARD,PUSNT,3,6,S,YU,5656
1/9/2014,16:59,Thursday,ST CLAIR WEST STATION,TUSC,0,0,S,YU,5491
1/9/2014,17:11,Thursday,KENNEDY BD STATION,MUSC,3,6,W,BD,5144
1/9/2014,17:23,Thursday,YONGE SHP STATION,SUEAS,14,19,W,SHP,5272
1/9/2014,17:30,Thursday,MIDLAND STATION,MRTO,5,10,N,SRT,362
1/9/2014,17:45,Thursday,DUNDAS STATION,MUPAA,3,6,S,YU,5621
1/9/2014,18:03,Thursday,UNION STATION,MUIR,3,6,S,YU,5471
1/9/2014,18:11,Thursday,ISLINGTON STATION,MUSC,4,7,E,BD,5030
1/9/2014,18:28,Thursday,UNION STATION,SUDP,4,7,N,YU,5461
1/9/2014,18:29,Thursday,DONLANDS STATION,MUSC,0,0,W,BD,5130
1/9/2014,18:43,Thursday,EGLINTON STATION,MUPAA,0,0,N,YU,5671
1/9/2014,18:57,Thursday,MCCOWAN STATION,MRTO,12,18,N,SRT,3017
1/9/2014,18:57,Thursday,ROSEDALE STATION,MUSC,0,0,N,YU,5586
1/9/2014,18:59,Thursday,ROSEDALE STATION,MUSC,3,6,N,YU,5586
1/9/2014,19:00,Thursday,BLOOR DANFORTH SUBWAY,MUGD,0,0,,BD,0
1/9/2014,19:00,Thursday,YONGE UNIVERSITY LINE,MUGD,0,0,,YU,0
1/9/2014,19:17,Thursday,KEELE STATION,TUSC,0,0,E,BD,5027
1/9/2014,19:43,Thursday,MCCOWAN STATION,ERPR,6,12,,SRT,0
1/9/2014,19:50,Thursday,MCCOWAN STATION TO KEN,MRO,12,18,,SRT,0
1/9/2014,20:02,Thursday,YORKDALE STATION,PUSO,0,0,S,YU,5711
1/9/2014,20:17,Thursday,LAWRENCE EAST STATION,MRTO,0,0,N,SRT,3017
1/9/2014,20:40,Thursday,YORKDALE STATION,TUSC,0,0,S,YU,5521
1/9/2014,20:45,Thursday,YONGE BD STATION,SUAE,0,0,E,BD,5933
1/9/2014,20:48,Thursday,SCARB CTR STATION,MRTO,6,12,N,SRT,3007
1/9/2014,20:52,Thursday,YORKDALE STATION,PUSO,0,0,S,YU,5250
1/9/2014,20:57,Thursday,YORKDALE STATION,PUSO,0,0,S,YU,5626
1/9/2014,21:20,Thursday,KENNEDY BD STATION,SUG,3,8,W,BD,5933
1/9/2014,22:00,Thursday,YONGE UNIVERSITY LINE,MUO,0,0,,BD,0
1/9/2014,22:15,Thursday,KIPLING STATION,EUNT,6,11,E,BD,5933
1/9/2014,22:21,Thursday,BLOOR STATION,SUDP,5,10,S,YU,5566
1/9/2014,22:42,Thursday,MIDLAND STATION,MRTO,0,0,N,SRT,2021
1/9/2014,23:45,Thursday,OLD MILL STATION,EUPI,10,15,E,BD,5033
1/9/2014,23:47,Thursday,LAWRENCE EAST STATION,MRTO,0,0,S,SRT,3004
1/10/2014,0:07,Friday,EGLINTON WEST STATION,PUSNT,0,0,S,YU,5701
1/10/2014,0:15,Friday,EGLINTON WEST STATION,PUSNT,0,0,S,YU,5396
1/10/2014,0:32,Friday,EGLINTON WEST STATION,PUSNT,0,0,S,YU,0
1/10/2014,1:04,Friday,JANE STATION,TUSC,0,0,W,BD,5127
1/10/2014,1:14,Friday,KIPLING STATION,TUSC,0,0,W,BD,5127
1/10/2014,1:20,Friday,LANSDOWNE STATION,MUI,0,0,,BD,0
1/10/2014,1:37,Friday,ST CLAIR WEST STATION,TUMVS,0,0,N,YU,5746
1/10/2014,5:21,Friday,YONGE SHP STATION,TUSC,0,0,E,SHP,5291
1/10/2014,5:39,Friday,DON MILLS STATION,MUSC,0,0,W,SHP,5275
1/10/2014,5:40,Friday,COLLEGE STATION,MUNCA,0,0,,YU,0
1/10/2014,5:40,Friday,DUNDAS STATION,MUNCA,0,0,,YU,0
1/10/2014,5:40,Friday,KIPLING STATION,PUTIS,6,0,E,BD,5027
1/10/2014,5:46,Friday,KIPLING STATION,PUTIS,7,13,E,BD,0
1/10/2014,6:33,Friday,ISLINGTON STATION,PUSIS,3,8,E,BD,5035
1/10/2014,7:06,Friday,GREENWOOD WYE,MUSC,0,0,W,BD,5096
1/10/2014,7:12,Friday,FINCH STATION,TUO,3,6,S,YU,5676
1/10/2014,7:15,Friday,ISLINGTON STATION,TUSC,0,0,E,BD,5320
1/10/2014,7:18,Friday,WILSON STATION,MUSC,0,0,S,YU,5791
1/10/2014,7:21,Friday,MIDLAND STATION,ERTC,7,13,S,SRT,3024
1/10/2014,7:30,Friday,GREENWOOD STATION,MUNOA,3,6,E,BD,0
1/10/2014,7:44,Friday,ISLINGTON STATION,TUSC,0,0,E,BD,5096
1/10/2014,7:55,Friday,ROSEDALE STATION,MUSC,0,0,N,YU,5586
1/10/2014,7:56,Friday,ROSEDALE STATION,MUSC,3,6,N,YU,5586
1/10/2014,8:00,Friday,ROSEDALE STATION,PUSTC,0,0,N,YU,5656
1/10/2014,8:17,Friday,QUEEN STATION,MUI,8,11,S,YU,5761
1/10/2014,8:18,Friday,BROADVIEW STATION,EUNT,3,6,W,BD,5309
1/10/2014,9:05,Friday,SUMMERHILL STATION,MUIR,0,0,,YU,0
1/10/2014,9:23,Friday,JANE STATION,TUSC,0,0,W,BD,5096
1/10/2014,10:02,Friday,SHERBOURNE STATION,MUI,0,0,E,BD,0
1/10/2014,10:40,Friday,JANE STATION,TUSC,0,0,W,BD,5127
1/10/2014,10:50,Friday,BLOOR STATION,PUSTC,0,0,N,YU,5516
1/10/2014,11:30,Friday,BLOOR DANFORTH SUBWAY,MUGD,0,0,,BD,0
1/10/2014,11:30,Friday,YONGE UNIVERSITY LINE,MUGD,0,0,,YU,0
1/10/2014,11:49,Friday,ST CLAIR WEST STATION,TUMVS,4,8,N,YU,5416
1/10/2014,12:00,Friday,KIPLING STATION,SUO,0,0,E,BD,5144
1/10/2014,12:14,Friday,COLLEGE STATION,MUO,0,0,,YU,0
1/10/2014,12:14,Friday,SUMMERHILL STATION,TUO,3,7,N,YU,5139
1/10/2014,12:25,Friday,EGLINTON STATION,TUSUP,5,9,N,YU,5139
1/10/2014,12:28,Friday,YORKDALE STATION,PUSO,0,0,N,YU,5706
1/10/2014,12:42,Friday,YORK MILLS STATION,TUOS,3,7,S,YU,5836
1/10/2014,12:46,Friday,BROADVIEW STATION,MUIR,4,9,E,BD,5077
1/10/2014,14:16,Friday,YORKDALE STATION,TUSC,0,0,S,YU,5736
1/10/2014,14:37,Friday,BLOOR STATION,MUI,0,0,N,YU,0
1/10/2014,15:44,Friday,ISLINGTON STATION,MUSC,4,7,E,BD,5018
1/10/2014,16:17,Friday,ISLINGTON STATION,MUSC,3,6,E,BD,5305
1/10/2014,16:49,Friday,DAVISVILLE STATION,PUMO,0,0,,YU,0
1/10/2014,16:58,Friday,FINCH STATION,MUSC,0,0,N,YU,5139
1/10/2014,17:06,Friday,COLLEGE STATION,MUPAA,7,10,N,YU,5596
1/10/2014,17:31,Friday,KIPLING STATION,MUTO,3,6,E,BD,5154
1/10/2014,17:36,Friday,ST GEORGE YUS STATION,TUSC,0,0,S,YU,5396
1/10/2014,17:45,Friday,ISLINGTON STATION,MUSC,3,6,E,BD,5018
1/10/2014,17:58,Friday,DUPONT STATION,TUOS,0,0,S,YU,5481
1/10/2014,18:25,Friday,SHEPPARD WEST STATION,MUSC,0,0,S,YU,5139
1/10/2014,18:49,Friday,ISLINGTON STATION,MUDD,3,6,W,BD,5323
1/10/2014,19:07,Friday,VICTORIA PARK STATION,PUSTC,3,6,E,BD,5217
1/10/2014,19:24,Friday,ROSEDALE STATION,MUSC,0,0,N,YU,5586
1/10/2014,19:26,Friday,ROSEDALE STATION,MUSC,3,6,N,YU,5586
1/10/2014,19:34,Friday,BAYVIEW STATION,MUPAA,0,0,E,SHP,5286
1/10/2014,19:58,Friday,EGLINTON WEST STATION,MUSC,6,10,S,YU,5736
1/10/2014,20:08,Friday,YONGE BD STATION,MUI,0,0,E,BD,0
1/10/2014,20:16,Friday,VICTORIA PARK STATION,TUSC,0,0,W,BD,5001
1/10/2014,20:53,Friday,JANE STATION,TUSC,0,0,W,BD,5171
1/10/2014,21:00,Friday,BLOOR DANFORTH SUBWAY,MUGD,0,0,,BD,0
1/10/2014,21:51,Friday,KING STATION,PUSTC,0,0,S,YU,5461
1/10/2014,22:00,Friday,YONGE UNIVERSITY LINE,MUO,0,0,,BD,0
1/10/2014,22:13,Friday,JANE STATION,TUSC,0,0,W,BD,5127
1/10/2014,23:14,Friday,SHERBOURNE STATION,MUI,5,10,W,BD,5300
1/11/2014,1:02,Saturday,KENNEDY BD STATION,PUSO,10,15,W,BD,5060
1/11/2014,3:21,Saturday,GREENWOOD YARD,MUPLB,0,0,,BD,0
1/11/2014,5:04,Saturday,LANSDOWNE STATION,MUNCA,0,0,,BD,0
1/11/2014,5:31,Saturday,COXWELL STATION,MUNCA,0,0,,BD,0
1/11/2014,5:34,Saturday,WELLESLEY STATION,MUNCA,0,0,,YU,0
1/11/2014,5:35,Saturday,KIPLING STATION,MUNCA,0,0,,BD,0
1/11/2014,5:58,Saturday,KIPLING STATION,MUNOA,5,10,E,BD,0
1/11/2014,6:00,Saturday,YONGE UNIVERSITY LINE,MUO,0,0,,YU,0
1/11/2014,6:32,Saturday,FINCH STATION,MUSC,0,0,N,YU,5426
1/11/2014,6:36,Saturday,KENNEDY BD STATION,MUSC,5,10,W,BD,5105
1/11/2014,6:37,Saturday,FINCH STATION,MUSC,0,0,S,YU,5421
1/11/2014,7:11,Saturday,PAPE STATION,MUO,0,0,E,BD,5217
1/11/2014,8:19,Saturday,ISLINGTON STATION,MUSC,0,0,E,BD,5154
1/11/2014,8:41,Saturday,CHESTER STATION,MUIR,0,0,W,BD,5304
1/11/2014,9:20,Saturday,MAIN STREET STATION,MUNCA,0,0,,BD,0
1/11/2014,11:17,Saturday,DAVISVILLE STATION,MUSC,0,0,N,YU,5686
1/11/2014,11:57,Saturday,EGLINTON STATION,PUMO,0,0,,YU,0
1/11/2014,12:26,Saturday,NORTH YORK CTR STATION,EUBK,5,10,S,YU,5416
1/11/2014,12:51,Saturday,GLENCAIRN STATION,MUNCA,0,0,,YU,0
1/11/2014,13:30,Saturday,SHEPPARD STATION,MUPAA,0,0,N,YU,5576
1/11/2014,13:49,Saturday,CHRISTIE STATION,PUMEL,0,0,W,BD,0
1/11/2014,14:27,Saturday,ST GEORGE BD STATION,MUPAA,0,0,W,BD,5323
1/11/2014,14:44,Saturday,FINCH STATION,SUO,5,10,S,YU,5571
1/11/2014,15:14,Saturday,YORKDALE STATION,PUMO,0,0,,YU,0
1/11/2014,17:25,Saturday,SHEPPARD WEST STATION,TUSC,0,0,N,YU,5496
1/11/2014,17:55,Saturday,BAYVIEW STATION,MUPLB,16,21,W,SHP,5272
1/11/2014,19:51,Saturday,FINCH STATION,MUSAN,5,10,S,YU,5631
1/11/2014,20:03,Saturday,BLOOR STATION,MUI,0,0,S,YU,0
1/11/2014,20:15,Saturday,KIPLING STATION,MUSAN,5,10,E,BD,5209
1/11/2014,20:31,Saturday,LAWRENCE EAST STATION,MRUI,7,13,N,SRT,3009
1/11/2014,20:43,Saturday,MCCOWAN STATION,MRWEA,5,11,S,SRT,3007
1/11/2014,20:51,Saturday,MCCOWAN STATION TO KEN,MRWEA,292,298,S,SRT,3014
1/11/2014,21:32,Saturday,YORK MILLS STATION,SUDP,5,11,N,YU,5686
1/11/2014,21:51,Saturday,ST CLAIR WEST STATION,SUDP,11,17,N,YU,5821
1/11/2014,22:00,Saturday,YONGE UNIVERSITY LINE,MUO,0,0,,YU,0
1/11/2014,22:35,Saturday,BLOOR STATION,MUPR1,11,17,N,YU,5288
1/11/2014,22:40,Saturday,OSGOODE STATION,TUO,5,10,S,YU,5586
1/12/2014,8:40,Sunday,YONGE SHP STATION,MUSC,0,0,E,SHP,5358
1/12/2014,8:49,Sunday,YONGE SHP STATION,MUSC,0,0,E,SHP,5291
1/12/2014,8:59,Sunday,JANE STATION,PUSTS,4,0,E,BD,5191
1/12/2014,9:00,Sunday,YONGE UNIVERSITY LINE,MUO,0,0,,YU,0
1/12/2014,9:05,Sunday,YORKDALE STATION,TUSC,0,0,S,YU,5354
1/12/2014,9:33,Sunday,KENNEDY SRT STATION,ERCO,6,13,N,SRT,3021
1/12/2014,9:37,Sunday,KIPLING STATION,MUSC,5,10,E,BD,5305
1/12/2014,9:50,Sunday,SCARB CTR STATION,ERCO,7,14,N,SRT,3021
1/12/2014,10:12,Sunday,HIGH PARK STATION,SUDP,0,0,,BD,0
1/12/2014,10:37,Sunday,COXWELL STATION,MUI,0,0,E,BD,0
1/12/2014,10:39,Sunday,FINCH STATION,MUSC,0,0,N,YU,5288
1/12/2014,10:56,Sunday,ST GEORGE YUS STATION,MUPLB,8,13,S,YU,5651
1/12/2014,11:21,Sunday,KENNEDY BD STATION,PUMEL,0,0,,BD,0
1/12/2014,11:37,Sunday,KIPLING STATION,EUSC,4,9,E,BD,5305
1/12/2014,13:30,Sunday,ROYAL YORK STATION,PUMST,0,0,,BD,0
1/12/2014,14:05,Sunday,YORK MILLS STATION,SUEAS,10,14,N,YU,5686
1/12/2014,16:03,Sunday,BROADVIEW STATION,MUI,0,0,,BD,0
1/12/2014,18:17,Sunday,ST GEORGE BD STATION,MUPAA,3,8,W,BD,5174
1/12/2014,19:46,Sunday,COXWELL STATION,MUTO,0,0,W,BD,5174
1/12/2014,19:56,Sunday,YONGE SHP STATION,MUNCA,0,0,,SHP,0
1/12/2014,21:04,Sunday,ROSEDALE STATION,MUPAA,0,0,S,YU,5576
1/12/2014,21:41,Sunday,QUEEN STATION,SUDP,14,19,N,YU,5456
1/12/2014,21:45,Sunday,ST CLAIR STATION,PUSTS,5,10,S,YU,5596
1/12/2014,22:00,Sunday,YONGE UNIVERSITY LINE,MUO,0,0,,BD,0
1/13/2014,0:18,Monday,KENNEDY SRT STATION,MRTO,13,20,S,SRT,3010
1/13/2014,5:40,Monday,QUEEN STATION,MUNCA,0,0,,YU,0
1/13/2014,6:06,Monday,EGLINTON STATION,PUSI,4,9,N,YU,5676
1/13/2014,6:23,Monday,ST CLAIR STATION,PUSI,5,10,S,YU,5836
1/13/2014,6:24,Monday,KENNEDY BD STATION,MUSC,0,0,W,BD,5341
1/13/2014,6:30,Monday,QUEEN STATION,MUNCA,0,0,,,0
1/13/2014,6:30,Monday,WARDEN STATION,MUSC,3,8,W,BD,5041
1/13/2014,6:34,Monday,KEELE STATION,MUSC,0,0,W,BD,5221
1/13/2014,6:50,Monday,LAWRENCE STATION,EUBK,4,9,N,YU,5236
1/13/2014,7:01,Monday,MCCOWAN STATION,ERNEA,6,12,S,SRT,3022
1/13/2014,7:01,Monday,ST GEORGE BD STATION,MUI,0,0,,BD,0
1/13/2014,7:02,Monday,COXWELL STATION,MUSC,0,0,E,BD,5302
1/13/2014,7:49,Monday,SPADINA BD STATION,MUDD,3,6,W,BD,5111
1/13/2014,7:59,Monday,FINCH STATION,MUNCA,0,0,,YU,0
1/13/2014,8:13,Monday,MIDLAND STATION,MRUIR,6,12,N,SRT,3027
1/13/2014,8:15,Monday,KIPLING STATION,MUSC,0,0,E,BD,5302
1/13/2014,8:26,Monday,KEELE STATION,MUSC,0,0,W,BD,5221
1/13/2014,8:43,Monday,ST CLAIR WEST STATION,SUDP,0,0,N,YU,0
1/13/2014,8:50,Monday,DAVISVILLE STATION,MUPAA,0,0,S,YU,5636
1/13/2014,9:04,Monday,FINCH STATION,MUTO,0,0,S,YU,5396
1/13/2014,9:23,Monday,MUSEUM STATION,MUIR,6,10,S,YU,5456
1/13/2014,10:24,Monday,KEELE STATION,MUSC,0,0,W,BD,5221
1/13/2014,10:39,Monday,WILSON STATION,TUSC,0,0,S,YU,5526
1/13/2014,11:25,Monday,KENNEDY BD STATION,PUTDN,0,0,W,BD,5089
1/13/2014,11:29,Monday,MCCOWAN STATION,ERLV,6,12,S,SRT,3027
1/13/2014,11:30,Monday,YONGE UNIVERSITY LINE,MUGD,0,0,,YU,0
1/13/2014,11:43,Monday,EGLINTON STATION,EUTRD,0,0,N,YU,5781
1/13/2014,12:14,Monday,ST CLAIR STATION,PUSI,0,0,N,YU,5686
1/13/2014,12:39,Monday,VICTORIA PARK STATION,MUSC,0,0,E,BD,5319
1/13/2014,13:04,Monday,WARDEN STATION,PUSI,0,0,W,BD,5111
1/13/2014,13:51,Monday,KENNEDY BD STATION,EUCA,4,8,E,BD,5062
1/13/2014,14:21,Monday,YONGE BD STATION,PUMST,0,0,E,BD,0
1/13/2014,15:06,Monday,MCCOWAN STATION,ERNEA,4,8,S,SRT,0
1/13/2014,15:14,Monday,KEELE STATION,TUSC,0,0,W,BD,5079
1/13/2014,15:16,Monday,DUFFERIN STATION,MUDD,9,12,W,BD,5314
1/13/2014,15:28,Monday,ISLINGTON STATION,MUSC,0,0,E,BD,5067
1/13/2014,15:38,Monday,ISLINGTON STATION,MUSC,0,0,E,BD,5065
1/13/2014,16:25,Monday,DUNDAS STATION,PUMST,0,0,,YU,0
1/13/2014,16:34,Monday,WARDEN STATION,MUSC,0,0,W,BD,5079
1/13/2014,16:44,Monday,GLENCAIRN STATION,MUPAA,0,0,S,YU,5456
1/13/2014,16:47,Monday,DONLANDS STATION,MUSC,0,0,W,BD,5079
1/13/2014,17:09,Monday,MIDLAND STATION,ERLV,4,9,S,SRT,3026
1/13/2014,17:14,Monday,YONGE BD STATION,MUD,3,6,E,BD,5886
1/13/2014,17:22,Monday,ISLINGTON STATION,MUSC,0,0,E,BD,5067
1/13/2014,17:26,Monday,KIPLING STATION,TUSC,0,0,W,BD,5079
1/13/2014,17:28,Monday,KENNEDY BD STATION,PUSTC,12,15,W,BD,5850
1/13/2014,17:42,Monday,BLOOR STATION,MUPAA,3,6,N,YU,5661
1/13/2014,17:42,Monday,NORTH YORK CTR STATION,MUPAA,0,0,N,YU,5741
1/13/2014,17:53,Monday,SHERBOURNE STATION,MUI,4,7,E,BD,5019
1/13/2014,17:55,Monday,OSGOODE STATION,TUSC,0,0,N,YU,5267
1/13/2014,18:00,Monday,ST GEORGE YUS STATION,MUI,0,0,,YU,0
1/13/2014,18:05,Monday,CHRISTIE STATION,MUNCA,0,0,,BD,0
1/13/2014,18:05,Monday,KIPLING STATION,TUSC,0,0,W,BD,5300
1/13/2014,18:30,Monday,YONGE UNIVERSITY LINE,MUGD,0,0,,YU,0
1/13/2014,18:39,Monday,VICTORIA PARK STATION,MUSC,0,0,W,BD,5079
1/13/2014,18:47,Monday,WOODBINE STATION,MUSC,0,0,W,BD,5079
1/13/2014,19:00,Monday,BLOOR DANFORTH SUBWAY,MUGD,0,0,,BD,0
1/13/2014,19:49,Monday,JANE STATION,PUMEL,0,0,,BD,0
1/13/2014,20:08,Monday,QUEEN STATION,MUI,0,0,,YU,0
1/13/2014,21:24,Monday,LANSDOWNE STATION,MUI,0,0,E,BD,0
1/13/2014,21:51,Monday,OLD MILL STATION,EUBK,5,10,E,BD,5300
1/13/2014,22:00,Monday,YONGE UNIVERSITY LINE,MUO,0,0,,YU,0
1/13/2014,22:24,Monday,SHEPPARD WEST STATION,EUDO,5,10,S,YU,5781
1/13/2014,22:28,Monday,YORK MILLS STATION,EUPI,5,10,S,YU,5791
1/13/2014,23:06,Monday,DUNDAS STATION,MUNCA,0,0,,YU,0
1/13/2014,23:39,Monday,KEELE STATION,MUI,0,0,E,BD,0
1/14/2014,0:21,Tuesday,MUSEUM STATION,MUPAA,0,0,N,YU,5451
1/14/2014,0:57,Tuesday,DON MILLS STATION,MUPLB,19,25,E,SHP,5238
1/14/2014,5:02,Tuesday,WELLESLEY STATION,MUNCA,0,0,,YU,0
1/14/2014,5:43,Tuesday,SHERBOURNE STATION,TUSC,0,0,W,BD,5334
1/14/2014,5:54,Tuesday,DONLANDS STATION,TUCC,3,6,W,BD,5886
1/14/2014,6:00,Tuesday,TORONTO TRANSIT COMMIS,MUO,0,0,,BD,0
1/14/2014,6:00,Tuesday,TORONTO TRANSIT COMMIS,MUO,0,0,,SHP,0
1/14/2014,6:00,Tuesday,TORONTO TRANSIT COMMIS,MRO,0,0,,SRT,0
1/14/2014,6:05,Tuesday,WILSON STATION,PUSTS,0,0,S,YU,5416
1/14/2014,6:44,Tuesday,YONGE BD STATION,TUSC,0,0,E,BD,5221
1/14/2014,6:50,Tuesday,GREENWOOD STATION,TUNIP,3,6,E,BD,5046
1/14/2014,6:56,Tuesday,GREENWOOD STATION,MUSC,0,0,E,BD,5221
1/14/2014,6:56,Tuesday,WARDEN STATION,MUSC,3,6,E,BD,5129
1/14/2014,7:58,Tuesday,COLLEGE STATION,EUBK,0,0,S,YU,5746
1/14/2014,8:16,Tuesday,KIPLING STATION,MUSC,0,0,E,BD,5046
1/14/2014,8:36,Tuesday,SPADINA BD STATION,MUDD,4,7,E,BD,5339
1/14/2014,8:46,Tuesday,ST GEORGE BD STATION,MUIR,4,7,W,BD,5325
1/14/2014,9:41,Tuesday,ST CLAIR STATION,PUSTS,0,0,N,YU,5716
1/14/2014,9:51,Tuesday,RUNNYMEDE STATION,EUDO,9,12,E,BD,5103
1/14/2014,10:33,Tuesday,QUEEN'S PARK STATION,MUI,4,8,S,YU,5606
1/14/2014,10:42,Tuesday,GREENWOOD YARD,TUSC,0,0,E,BD,5209
1/14/2014,11:24,Tuesday,DAVISVILLE STATION,MUPAA,0,0,N,YU,5281
1/14/2014,11:25,Tuesday,ST ANDREW STATION,PUSI,9,13,S,YU,5741
1/14/2014,11:30,Tuesday,YONGE UNIVERSITY LINE,MUGD,0,0,,YU,0
1/14/2014,11:42,Tuesday,KENNEDY BD STATION,TUSC,0,0,E,BD,5048
1/14/2014,11:55,Tuesday,ISLINGTON STATION,TUSC,0,0,W,BD,5334
1/14/2014,12:00,Tuesday,DAVISVILLE STATION,MUIR,3,7,N,YU,5631
1/14/2014,12:19,Tuesday,LANSDOWNE STATION,MUPAA,3,7,W,BD,5342
1/14/2014,12:45,Tuesday,GLENCAIRN STATION,EUNT,9,13,S,YU,5359
1/14/2014,13:16,Tuesday,KIPLING STATION,MUI,0,0,W,BD,5041
1/14/2014,14:32,Tuesday,EGLINTON WEST STATION,PUSI,0,0,S,YU,5521
1/14/2014,14:34,Tuesday,DUNDAS STATION,SUDP,5,9,S,YU,5651
1/14/2014,15:27,Tuesday,ST CLAIR WEST STATION,MUSC,0,0,S,YU,5656
1/14/2014,15:30,Tuesday,KIPLING STATION,TUSC,0,0,E,BD,5210
1/14/2014,15:44,Tuesday,KENNEDY BD STATION,EUDO,3,6,W,BD,5339
1/14/2014,15:45,Tuesday,JANE STATION,SUDP,3,6,E,BD,5177
1/14/2014,16:00,Tuesday,COXWELL STATION,MUTO,0,0,W,BD,5160
1/14/2014,16:04,Tuesday,EGLINTON WEST STATION,PUSI,0,0,S,YU,5359
1/14/2014,16:34,Tuesday,YORK MILLS STATION,MUI,3,6,S,YU,5536
1/14/2014,17:12,Tuesday,COLLEGE STATION,EUBK,0,0,N,YU,5391
1/14/2014,17:48,Tuesday,KENNEDY BD STATION,SUDP,3,6,W,BD,5053
1/14/2014,18:11,Tuesday,DUNDAS STATION,MUPAA,0,0,S,YU,5396
1/14/2014,18:16,Tuesday,MAIN STREET STATION,MUI,0,0,,BD,0
1/14/2014,18:46,Tuesday,WARDEN STATION,TUOS,3,6,W,BD,5057
1/14/2014,19:00,Tuesday,YONGE UNIVERSITY LINE,MUGD,0,0,,YU,0
1/14/2014,19:40,Tuesday,DUPONT STATION,MUNCA,0,0,,YU,0
1/14/2014,19:48,Tuesday,ST CLAIR STATION,MUSC,0,0,N,YU,5521
1/14/2014,19:54,Tuesday,ST GEORGE YUS STATION,SUDP,3,6,N,YU,5451
1/14/2014,20:29,Tuesday,BATHURST STATION,PUMST,0,0,,BD,0
1/14/2014,20:51,Tuesday,ST CLAIR WEST STATION,MUSC,3,8,N,YU,5225
1/14/2014,22:00,Tuesday,YONGE UNIVERSITY LINE,MUO,0,0,,YU,0
1/14/2014,23:43,Tuesday,VICTORIA PARK STATION,MUSC,0,0,E,BD,5300
1/15/2014,0:33,Wednesday,FINCH STATION,TUSC,0,0,N,YU,5526
1/15/2014,0:33,Wednesday,HIGH PARK STATION,MUSC,0,0,W,BD,5140
1/15/2014,0:38,Wednesday,HIGH PARK STATION,TUSC,0,0,W,BD,5140
1/15/2014,0:43,Wednesday,ROYAL YORK STATION,MUSC,0,0,,BD,5140
1/15/2014,2:51,Wednesday,WOODBINE STATION,SUCOL,0,0,,BD,0
1/15/2014,5:18,Wednesday,KEELE STATION,MUNCA,0,0,,BD,0
1/15/2014,5:40,Wednesday,WILSON STATION,MUSC,0,0,S,YU,5511
1/15/2014,5:45,Wednesday,YORK MILLS STATION,TUNIP,4,0,N,YU,5391
1/15/2014,6:17,Wednesday,FINCH STATION,TUSC,0,0,N,YU,5691
1/15/2014,6:30,Wednesday,WILSON HOSTLER,MUSC,0,0,N,YU,5741
1/15/2014,7:26,Wednesday,YONGE BD STATION,MUPLB,7,10,E,BD,5106
1/15/2014,7:32,Wednesday,FINCH STATION,MUIR,0,0,,YU,0
1/15/2014,7:51,Wednesday,KENNEDY BD STATION,EUSC,5,8,W,BD,5129
1/15/2014,7:52,Wednesday,OSSINGTON STATION,MUI,0,0,,BD,0
1/15/2014,8:23,Wednesday,ISLINGTON STATION,MUSC,0,0,W,BD,5140
1/15/2014,8:44,Wednesday,BLOOR STATION,MUIR,0,0,S,YU,0
1/15/2014,9:02,Wednesday,BLOOR STATION,MUI,4,7,S,YU,5276
1/15/2014,9:15,Wednesday,KENNEDY BD STATION,TUSC,0,0,E,BD,5314
1/15/2014,9:29,Wednesday,KIPLING STATION,EUBK,3,6,E,BD,5084
1/15/2014,9:32,Wednesday,ST CLAIR WEST STATION,MUSC,3,6,S,YU,5150
1/15/2014,9:36,Wednesday,SHEPPARD STATION,PUMEL,0,0,,YU,0
1/15/2014,9:41,Wednesday,ST GEORGE BD STATION,MUSC,3,6,E,BD,5132
1/15/2014,10:44,Wednesday,WOODBINE STATION,TUSC,0,0,E,BD,5072
1/15/2014,10:49,Wednesday,QUEEN STATION,MUI,0,0,N,YU,5247
1/15/2014,10:51,Wednesday,WILSON STATION,MUSC,0,0,S,YU,5233
1/15/2014,10:58,Wednesday,DUNDAS STATION,SUO,5,9,S,YU,5696
1/15/2014,10:59,Wednesday,KENNEDY BD STATION,TUSC,0,0,E,BD,5162
1/15/2014,11:16,Wednesday,YORK MILLS STATION,TUSC,0,0,S,YU,5244
1/15/2014,11:18,Wednesday,EGLINTON STATION,PUMST,0,0,,YU,0
1/15/2014,11:30,Wednesday,ST CLAIR WEST STATION,SUO,0,0,S,YU,5386
1/15/2014,11:45,Wednesday,BLOOR DANFORTH SUBWAY,MUGD,0,0,,BD,0
1/15/2014,11:46,Wednesday,JANE STATION,TUSC,0,0,W,BD,5196
1/15/2014,12:15,Wednesday,DUNDAS STATION,MUIR,3,7,S,YU,5596
1/15/2014,13:08,Wednesday,LAWRENCE WEST STATION,TUMVS,0,0,S,YU,5233
1/15/2014,13:10,Wednesday,KIPLING STATION,TUSC,0,0,W,BD,5084
1/15/2014,13:32,Wednesday,DAVISVILLE STATION,MUSC,0,0,S,YU,5244
1/15/2014,14:18,Wednesday,DUNDAS STATION,MUI,0,0,,YU,0
1/15/2014,15:36,Wednesday,OLD MILL STATION,TUSC,0,0,E,BD,5178
1/15/2014,15:37,Wednesday,KIPLING STATION,TUSC,0,0,W,BD,5196
1/15/2014,16:34,Wednesday,KENNEDY BD STATION,TUSC,0,0,E,BD,5162
1/15/2014,16:52,Wednesday,SPADINA YUS STATION,MUSC,0,0,N,YU,5235
1/15/2014,16:59,Wednesday,VICTORIA PARK STATION,SUDP,10,13,W,BD,5885
1/15/2014,17:06,Wednesday,ST CLAIR STATION,MUPAA,0,0,N,YU,5451
1/15/2014,17:37,Wednesday,CHRISTIE STATION,TUSC,0,0,W,BD,5346
1/15/2014,17:37,Wednesday,YONGE BD STATION,SUDP,5,8,E,BD,5192
1/15/2014,17:38,Wednesday,QUEEN'S PARK STATION,TUMVS,0,0,N,YU,5831
1/15/2014,18:08,Wednesday,DUPONT STATION,MUPAA,0,0,S,YU,5561
1/15/2014,18:30,Wednesday,YONGE UNIVERSITY LINE,MUGD,0,0,,YU,0
1/15/2014,18:35,Wednesday,CHESTER STATION,MUSAN,3,6,W,BD,5866
1/15/2014,21:10,Wednesday,BROADVIEW STATION,MUPLB,7,12,W,BD,5222
1/15/2014,22:00,Wednesday,YONGE UNIVERSITY LINE,MUO,0,0,,BD,0
1/15/2014,22:05,Wednesday,WILSON STATION,MUSC,0,0,S,YU,5646
1/15/2014,22:35,Wednesday,WELLESLEY STATION,SUDP,0,0,S,YU,5431
1/15/2014,22:44,Wednesday,ISLINGTON STATION,MUSC,0,0,W,BD,5140
1/16/2014,1:52,Thursday,ISLINGTON STATION,MUSC,0,0,E,BD,5192
1/16/2014,2:18,Thursday,VICTORIA PARK STATION,TUSC,0,0,W,BD,5346
1/16/2014,5:48,Thursday,YORKDALE STATION,MUSC,0,0,S,YU,5359
1/16/2014,6:09,Thursday,ST CLAIR WEST STATION,MUPLB,5,10,S,YU,5391
1/16/2014,6:09,Thursday,WOODBINE STATION,MUSC,4,8,E,BD,5035
1/16/2014,6:19,Thursday,VICTORIA PARK STATION,MUSC,0,0,E,BD,5035
1/16/2014,6:26,Thursday,DUNDAS STATION,MUDD,0,0,N,YU,5251
1/16/2014,6:45,Thursday,FINCH STATION,MUSC,0,0,N,YU,5736
1/16/2014,7:15,Thursday,COXWELL STATION,MUSC,0,0,E,BD,5041
1/16/2014,7:28,Thursday,COXWELL STATION,MUSC,0,0,E,BD,5337
1/16/2014,7:30,Thursday,KEELE STATION,TUSC,0,0,E,BD,5208
1/16/2014,7:54,Thursday,KENNEDY BD STATION,MUSC,0,0,W,BD,5318
1/16/2014,8:23,Thursday,LANSDOWNE STATION,MUIR,0,0,E,BD,5146
1/16/2014,8:52,Thursday,ROSEDALE STATION,MUO,0,0,,YU,0
1/16/2014,10:05,Thursday,COLLEGE STATION,PUMST,0,0,N,YU,0
1/16/2014,10:51,Thursday,KIPLING STATION,MUI,0,0,,BD,0
1/16/2014,11:14,Thursday,ISLINGTON STATION,MUSC,0,0,E,BD,5067
1/16/2014,12:15,Thursday,KENNEDY BD STATION,PUSI,4,8,W,BD,5169
1/16/2014,12:42,Thursday,JANE STATION,TUSC,0,0,W,BD,5105
1/16/2014,12:47,Thursday,RUNNYMEDE STATION,MUPAA,0,0,E,BD,5792
1/16/2014,12:49,Thursday,FINCH STATION,MUPAA,0,0,N,YU,5247
1/16/2014,13:11,Thursday,ISLINGTON STATION,MUSC,0,0,E,BD,5067
1/16/2014,13:19,Thursday,BROADVIEW STATION,SUDP,0,0,W,BD,5900
1/16/2014,13:31,Thursday,ISLINGTON STATION,MUSC,3,8,E,BD,5067
1/16/2014,13:49,Thursday,OLD MILL STATION,TUSC,0,0,E,BD,5048
1/16/2014,14:01,Thursday,KIPLING STATION,TUSC,0,0,W,BD,5042
1/16/2014,14:09,Thursday,ROYAL YORK STATION,TUSC,0,0,E,BD,5135
1/16/2014,14:23,Thursday,CASTLE FRANK STATION,SUO,4,8,W,BD,5091
1/16/2014,14:25,Thursday,DUNDAS WEST STATION,MUIR,0,0,,BD,0
1/16/2014,14:37,Thursday,BLOOR STATION,SUDP,8,12,N,YU,5731
1/16/2014,15:17,Thursday,BAY STATION,MUPAA,5,8,E,BD,5885
1/16/2014,15:20,Thursday,BLOOR STATION,MUPAA,0,0,S,YU,5486
1/16/2014,15:47,Thursday,DAVISVILLE STATION,MUSC,0,0,S,YU,5139
1/16/2014,15:49,Thursday,KIPLING STATION,MUNOA,0,0,E,BD,5850
1/16/2014,15:54,Thursday,EGLINTON STATION,PUSTS,0,0,N,YU,5771
1/16/2014,15:56,Thursday,JANE STATION,TUSC,0,0,W,BD,5084
1/16/2014,16:13,Thursday,SHEPPARD WEST STATION,MUI,0,0,,YU,0
1/16/2014,16:24,Thursday,YONGE BD STATION,MUI,0,0,W,BD,5091
1/16/2014,17:06,Thursday,OLD MILL STATION,MUI,6,9,W,BD,5314
1/16/2014,17:26,Thursday,JANE STATION,TUSC,0,0,W,BD,5212
1/16/2014,17:49,Thursday,WILSON STATION,EUDO,4,7,S,YU,5756
1/16/2014,17:58,Thursday,ST CLAIR STATION,TUOS,0,0,S,YU,5766
1/16/2014,18:06,Thursday,DAVISVILLE STATION,MUPAA,0,0,N,YU,5701
1/16/2014,18:10,Thursday,WARDEN STATION,TUSC,0,0,E,BD,5180
1/16/2014,18:30,Thursday,YONGE UNIVERSITY LINE,MUGD,0,0,,YU,0
1/16/2014,18:40,Thursday,KENNEDY BD STATION,MUI,0,0,,BD,0
1/16/2014,19:00,Thursday,BLOOR DANFORTH SUBWAY,MUGD,0,0,,BD,0
1/16/2014,20:42,Thursday,KIPLING STATION,TUSC,0,0,W,BD,5091
1/16/2014,20:45,Thursday,SHERBOURNE STATION,TUSC,0,0,W,BD,5310
1/16/2014,21:04,Thursday,EGLINTON STATION,SUDP,3,7,N,YU,5576
1/16/2014,21:09,Thursday,SHEPPARD WEST STATION,TUSC,0,0,N,YU,5262
1/16/2014,22:00,Thursday,YONGE UNIVERSITY LINE,MUO,0,0,,BD,0
1/16/2014,23:04,Thursday,YONGE SHP STATION,EUBK,5,10,E,SHP,5278
1/16/2014,23:29,Thursday,SUMMERHILL STATION,MUSC,0,0,N,YU,5526
1/16/2014,23:49,Thursday,YONGE BD STATION,MUNCA,0,0,,BD,0
1/17/2014,1:19,Friday,BATHURST STATION,MUI,0,0,,BD,0
1/17/2014,1:26,Friday,EGLINTON WEST STATION,TUOS,0,0,S,YU,5746
1/17/2014,5:03,Friday,WILSON YARD,MUI,0,0,,YU,0
1/17/2014,5:43,Friday,KIPLING STATION,MUSC,4,0,E,BD,5208
1/17/2014,6:04,Friday,ISLINGTON STATION,MUSC,0,0,E,BD,5035
1/17/2014,6:40,Friday,YONGE BD STATION,TUOS,4,7,W,BD,5850
1/17/2014,6:49,Friday,ST GEORGE BD STATION,EUECD,3,6,W,BD,5850
1/17/2014,7:40,Friday,DON MILLS STATION,MUPAA,0,0,W,SHP,5285
1/17/2014,8:13,Friday,DON MILLS STATION,MUO,0,0,,,0
1/17/2014,9:16,Friday,BLOOR STATION,MUPAA,0,0,S,YU,5831
1/17/2014,9:24,Friday,QUEEN STATION,MUI,8,11,S,YU,5881
1/17/2014,9:32,Friday,KENNEDY SRT STATION,MRPAA,0,0,S,SRT,3024
1/17/2014,9:50,Friday,ST CLAIR WEST STATION,MUI,0,0,S,YU,0
1/17/2014,10:13,Friday,ST CLAIR WEST STATION,EUBK,0,0,N,YU,5276
1/17/2014,10:28,Friday,KENNEDY BD STATION,TUSC,0,0,E,BD,5314
1/17/2014,10:30,Friday,YONGE UNIVERSITY LINE,MUGD,0,0,,YU,0
1/17/2014,11:00,Friday,BLOOR DANFORTH SUBWAY,MUGD,0,0,,BD,0
1/17/2014,11:15,Friday,DUNDAS STATION,MUI,0,0,N,YU,0
1/17/2014,12:20,Friday,ROYAL YORK STATION,MUI,0,0,,BD,0
1/17/2014,12:50,Friday,ISLINGTON STATION,TUSC,0,0,W,BD,5302
1/17/2014,13:13,Friday,JANE STATION,TUSC,0,0,W,BD,5180
1/17/2014,13:15,Friday,KENNEDY BD STATION,MUTD,0,0,E,BD,5916
1/17/2014,14:39,Friday,ST CLAIR WEST STATION,EUBK,0,0,N,YU,5276
1/17/2014,14:50,Friday,DUNDAS WEST STATION,PUMEL,0,0,,BD,0
1/17/2014,15:54,Friday,OLD MILL STATION,TUSC,0,0,E,BD,5000
1/17/2014,16:36,Friday,CHESTER STATION,MUI,4,7,W,BD,5143
1/17/2014,16:43,Friday,DAVISVILLE STATION,MUSC,0,0,S,YU,5821
1/17/2014,16:48,Friday,MAIN STREET STATION,MUPAA,0,0,E,BD,5039
1/17/2014,17:04,Friday,YORKDALE STATION,SUEAS,9,12,N,YU,5691
1/17/2014,17:31,Friday,DUNDAS STATION,MUI,0,0,S,YU,0
1/17/2014,17:32,Friday,EGLINTON STATION,PUMEL,0,0,,YU,0
1/17/2014,17:58,Friday,QUEEN STATION,MUPLC,0,0,S,YU,5501
1/17/2014,18:30,Friday,YONGE UNIVERSITY LINE,MUGD,0,0,,YU,0
1/17/2014,18:48,Friday,YONGE SHP STATION,MUDD,5,10,E,SHP,5258
1/17/2014,19:37,Friday,KENNEDY BD STATION,MUIR,0,0,E,BD,5886
1/17/2014,22:00,Friday,YONGE UNIVERSITY LINE,MUO,0,0,,YU,0
1/17/2014,23:49,Friday,MUSEUM STATION,SUDP,7,12,N,YU,5396
1/17/2014,23:54,Friday,KING STATION,MUI,0,0,S,YU,0
1/18/2014,2:00,Saturday,GREENWOOD STATION,PUMST,0,0,,BD,0
1/18/2014,3:02,Saturday,UNION STATION,PUCSC,0,0,N,YU,0
1/18/2014,5:58,Saturday,ST CLAIR WEST STATION,TUS,4,0,S,YU,5616
1/18/2014,6:02,Saturday,EGLINTON STATION,TUS,4,9,S,YU,5576
1/18/2014,6:06,Saturday,QUEEN STATION,MUNCA,0,0,,YU,0
1/18/2014,6:12,Saturday,VICTORIA PARK STATION,MUSC,3,8,E,BD,5300
1/18/2014,6:39,Saturday,UNION STATION,PUCSC,8,13,S,YU,5235
1/18/2014,7:02,Saturday,DAVISVILLE STATION,MUSC,5,10,N,YU,5235
1/18/2014,7:12,Saturday,KENNEDY SRT STATION,MRPAA,0,0,S,SRT,3024
1/18/2014,7:37,Saturday,SPADINA YUS STATION,PUTIJ,5,10,N,YU,5386
1/18/2014,7:45,Saturday,ISLINGTON STATION,TUSC,0,0,W,BD,5161
1/18/2014,8:12,Saturday,SPADINA YUS STATION,TUSC,0,0,N,YU,5251
1/18/2014,8:29,Saturday,ST CLAIR STATION,MUSC,0,0,N,YU,5291
1/18/2014,9:12,Saturday,FINCH STATION,EUAC,5,10,S,YU,5706
1/18/2014,10:23,Saturday,MAIN STREET STATION,MUI,0,0,,BD,0
1/18/2014,10:26,Saturday,MCCOWAN STATION,ERTC,6,12,S,SRT,3016
1/18/2014,11:30,Saturday,BLOOR DANFORTH SUBWAY,MUGD,0,0,,BD,0
1/18/2014,11:30,Saturday,YONGE UNIVERSITY LINE,MUGD,0,0,,YU,0
1/18/2014,11:56,Saturday,WILSON STATION,TUNIP,3,7,S,YU,5546
1/18/2014,12:34,Saturday,WARDEN STATION,MUDD,5,10,E,BD,5145
1/18/2014,12:39,Saturday,BLOOR STATION,SUDP,8,12,S,YU,5756
1/18/2014,12:44,Saturday,YONGE BD STATION,SUDP,5,10,W,BD,5089
1/18/2014,13:18,Saturday,DUPONT STATION,MUPAA,0,0,S,YU,5526
1/18/2014,14:34,Saturday,DUNDAS WEST STATION,PUMEL,0,0,,BD,0
1/18/2014,14:35,Saturday,QUEEN'S PARK STATION,MUPAA,0,0,S,YU,5826
1/18/2014,15:42,Saturday,KENNEDY BD STATION,MUI,0,0,,BD,0
1/18/2014,16:00,Saturday,EGLINTON STATION,MUPAA,3,7,N,YU,5526
1/18/2014,16:13,Saturday,SHEPPARD STATION,MUI,8,12,N,YU,5526
1/18/2014,17:00,Saturday,PAPE STATION,PUMEL,0,0,,BD,0
1/18/2014,18:02,Saturday,JANE STATION,MUI,0,0,E,BD,5200
1/18/2014,18:03,Saturday,ROYAL YORK STATION,TUSC,0,0,W,BD,5084
1/18/2014,18:07,Saturday,SHEPPARD WEST STATION,PUSTC,3,7,S,YU,5546
1/18/2014,18:33,Saturday,ISLINGTON STATION,TUSC,0,0,W,BD,5161
1/18/2014,18:53,Saturday,ISLINGTON STATION,MUPAA,0,0,E,BD,5145
1/18/2014,18:54,Saturday,LAWRENCE WEST STATION,TUOS,0,0,S,YU,5836
1/18/2014,19:14,Saturday,DUPONT STATION,EUME,18,22,S,YU,5381
1/18/2014,19:40,Saturday,ST CLAIR WEST STATION,MUPLB,13,18,N,YU,5756
1/18/2014,19:45,Saturday,KING STATION,SUDP,0,0,S,YU,5486
1/18/2014,20:12,Saturday,WARDEN STATION,PUSNT,0,0,W,BD,5154
1/18/2014,20:45,Saturday,LANSDOWNE STATION,MUSC,3,8,E,BD,5009
1/18/2014,21:44,Saturday,DUNDAS WEST STATION,PUMEL,0,0,,BD,0
1/18/2014,21:46,Saturday,FINCH STATION,EUBK,5,10,S,YU,5541
1/18/2014,22:00,Saturday,YONGE UNIVERSITY LINE,MUO,0,0,,BD,0
1/18/2014,22:45,Saturday,SHEPPARD WEST STATION,MUI,0,0,N,YU,0
1/18/2014,23:56,Saturday,EGLINTON WEST STATION,TUSC,0,0,N,YU,5656
1/19/2014,0:11,Sunday,DUNDAS WEST STATION,MUPLB,31,36,E,BD,5039
1/19/2014,0:18,Sunday,KIPLING STATION,SUDP,5,10,E,BD,5055
1/19/2014,0:53,Sunday,ST GEORGE BD STATION,TUSC,0,0,W,BD,5127
1/19/2014,2:02,Sunday,SUMMERHILL STATION,EUDO,6,0,N,YU,5481
1/19/2014,2:10,Sunday,ST CLAIR STATION,EUCD,4,0,N,YU,5481
1/19/2014,2:53,Sunday,YONGE BD STATION,SUEAS,0,0,,BD,0
1/19/2014,8:59,Sunday,OSGOODE STATION,MUNCA,0,0,,YU,0
1/19/2014,9:04,Sunday,DAVISVILLE STATION,MUSC,0,0,S,YU,5821
1/19/2014,9:47,Sunday,DUNDAS STATION,MUO,3,7,N,YU,5796
1/19/2014,10:30,Sunday,SHEPPARD STATION,SUDP,0,0,S,YU,5280
1/19/2014,11:10,Sunday,YONGE SHP STATION,TUSC,3,8,W,SHP,5252
1/19/2014,11:12,Sunday,BAYVIEW STATION,TUMVS,10,15,W,SHP,5299
1/19/2014,12:08,Sunday,WILSON STATION,PUTIS,3,7,N,YU,5756
1/19/2014,12:16,Sunday,WILSON STATION,PUTIS,0,0,N,YU,5521
1/19/2014,12:33,Sunday,DAVISVILLE STATION,MUSC,0,0,N,YU,5287
1/19/2014,13:03,Sunday,YONGE BD STATION,MUIR,0,0,E,BD,5046
